ts_id,station_name,station_latitude,station_longitude,station_no,station_id,metric,TideLVL_year_0000,TideLVL_month_0000,TideLVL_value_0000,TideLVL_quality_code_0000,TideLVL_year_0001,TideLVL_month_0001,TideLVL_value_0001,TideLVL_quality_code_0001,TideLVL_year_0002,TideLVL_month_0002,TideLVL_value_0002,TideLVL_quality_code_0002,TideLVL_year_0003,TideLVL_month_0003,TideLVL_value_0003,TideLVL_quality_code_0003,TideLVL_year_0004,TideLVL_month_0004,TideLVL_value_0004,TideLVL_quality_code_0004,TideLVL_year_0005,TideLVL_month_0005,TideLVL_value_0005,TideLVL_quality_code_0005,TideLVL_year_0006,TideLVL_month_0006,TideLVL_value_0006,TideLVL_quality_code_0006,TideLVL_year_0007,TideLVL_month_0007,TideLVL_value_0007,TideLVL_quality_code_0007,TideLVL_year_0008,TideLVL_month_0008,TideLVL_value_0008,TideLVL_quality_code_0008,TideLVL_year_0009,TideLVL_month_0009,TideLVL_value_0009,TideLVL_quality_code_0009,TideLVL_year_0010,TideLVL_month_0010,TideLVL_value_0010,TideLVL_quality_code_0010,TideLVL_year_0011,TideLVL_month_0011,TideLVL_value_0011,TideLVL_quality_code_0011,TideLVL_year_0100,TideLVL_month_0100,TideLVL_value_0100,TideLVL_quality_code_0100,TideLVL_year_0101,TideLVL_month_0101,TideLVL_value_0101,TideLVL_quality_code_0101,TideLVL_year_0102,TideLVL_month_0102,TideLVL_value_0102,TideLVL_quality_code_0102,TideLVL_year_0103,TideLVL_month_0103,TideLVL_value_0103,TideLVL_quality_code_0103,TideLVL_year_0104,TideLVL_month_0104,TideLVL_value_0104,TideLVL_quality_code_0104,TideLVL_year_0105,TideLVL_month_0105,TideLVL_value_0105,TideLVL_quality_code_0105,TideLVL_year_0106,TideLVL_month_0106,TideLVL_value_0106,TideLVL_quality_code_0106,TideLVL_year_0107,TideLVL_month_0107,TideLVL_value_0107,TideLVL_quality_code_0107,TideLVL_year_0108,TideLVL_month_0108,TideLVL_value_0108,TideLVL_quality_code_0108,TideLVL_year_0109,TideLVL_month_0109,TideLVL_value_0109,TideLVL_quality_code_0109,TideLVL_year_0110,TideLVL_month_0110,TideLVL_value_0110,TideLVL_quality_code_0110,TideLVL_year_0111,TideLVL_month_0111,TideLVL_value_0111,TideLVL_quality_code_0111,TideLVL_year_0200,TideLVL_month_0200,TideLVL_value_0200,TideLVL_quality_code_0200,TideLVL_year_0201,TideLVL_month_0201,TideLVL_value_0201,TideLVL_quality_code_0201,TideLVL_year_0202,TideLVL_month_0202,TideLVL_value_0202,TideLVL_quality_code_0202,TideLVL_year_0203,TideLVL_month_0203,TideLVL_value_0203,TideLVL_quality_code_0203,TideLVL_year_0204,TideLVL_month_0204,TideLVL_value_0204,TideLVL_quality_code_0204,TideLVL_year_0205,TideLVL_month_0205,TideLVL_value_0205,TideLVL_quality_code_0205,TideLVL_year_0206,TideLVL_month_0206,TideLVL_value_0206,TideLVL_quality_code_0206,TideLVL_year_0207,TideLVL_month_0207,TideLVL_value_0207,TideLVL_quality_code_0207,TideLVL_year_0208,TideLVL_month_0208,TideLVL_value_0208,TideLVL_quality_code_0208,TideLVL_year_0209,TideLVL_month_0209,TideLVL_value_0209,TideLVL_quality_code_0209,TideLVL_year_0210,TideLVL_month_0210,TideLVL_value_0210,TideLVL_quality_code_0210,TideLVL_year_0211,TideLVL_month_0211,TideLVL_value_0211,TideLVL_quality_code_0211,TideLVL_year_0300,TideLVL_month_0300,TideLVL_value_0300,TideLVL_quality_code_0300,TideLVL_year_0301,TideLVL_month_0301,TideLVL_value_0301,TideLVL_quality_code_0301,TideLVL_year_0302,TideLVL_month_0302,TideLVL_value_0302,TideLVL_quality_code_0302,TideLVL_year_0303,TideLVL_month_0303,TideLVL_value_0303,TideLVL_quality_code_0303,TideLVL_year_0304,TideLVL_month_0304,TideLVL_value_0304,TideLVL_quality_code_0304,TideLVL_year_0305,TideLVL_month_0305,TideLVL_value_0305,TideLVL_quality_code_0305,TideLVL_year_0306,TideLVL_month_0306,TideLVL_value_0306,TideLVL_quality_code_0306,TideLVL_year_0307,TideLVL_month_0307,TideLVL_value_0307,TideLVL_quality_code_0307,TideLVL_year_0308,TideLVL_month_0308,TideLVL_value_0308,TideLVL_quality_code_0308,TideLVL_year_0309,TideLVL_month_0309,TideLVL_value_0309,TideLVL_quality_code_0309,TideLVL_year_0310,TideLVL_month_0310,TideLVL_value_0310,TideLVL_quality_code_0310,TideLVL_year_0311,TideLVL_month_0311,TideLVL_value_0311,TideLVL_quality_code_0311,TideLVL_year_0400,TideLVL_month_0400,TideLVL_value_0400,TideLVL_quality_code_0400,TideLVL_year_0401,TideLVL_month_0401,TideLVL_value_0401,TideLVL_quality_code_0401,TideLVL_year_0402,TideLVL_month_0402,TideLVL_value_0402,TideLVL_quality_code_0402,TideLVL_year_0403,TideLVL_month_0403,TideLVL_value_0403,TideLVL_quality_code_0403,TideLVL_year_0404,TideLVL_month_0404,TideLVL_value_0404,TideLVL_quality_code_0404,TideLVL_year_0405,TideLVL_month_0405,TideLVL_value_0405,TideLVL_quality_code_0405,TideLVL_year_0406,TideLVL_month_0406,TideLVL_value_0406,TideLVL_quality_code_0406,TideLVL_year_0407,TideLVL_month_0407,TideLVL_value_0407,TideLVL_quality_code_0407,TideLVL_year_0408,TideLVL_month_0408,TideLVL_value_0408,TideLVL_quality_code_0408,TideLVL_year_0409,TideLVL_month_0409,TideLVL_value_0409,TideLVL_quality_code_0409,TideLVL_year_0410,TideLVL_month_0410,TideLVL_value_0410,TideLVL_quality_code_0410,TideLVL_year_0411,TideLVL_month_0411,TideLVL_value_0411,TideLVL_quality_code_0411,hamlet,suburb,village,state,postcode,country
60706010,Eriskay Tide Gauge,57.07060705,-7.309059721,511674,38250,max,2018,5,1.976,50,2018,6,2.055,50,2018,7,1.945,50,2018,8,2.249,100,2018,9,2.174,150,2018,10,2.438,100,2018,11,2.275,100,2018,12,2.119,150,2019,1,2.544,150,2019,2,2.305,150,2019,3,2.482,50,2019,4,2.161,50,2019,5,1.976,50,2019,6,2.055,50,2019,7,1.945,50,2019,8,2.249,100,2019,9,2.174,150,2019,10,2.438,100,2019,11,2.275,100,2019,12,2.119,150,2020,1,2.544,150,2020,2,2.305,150,2020,3,2.482,50,2020,4,2.161,50,2020,5,1.976,50,2020,6,2.055,50,2020,7,1.945,50,2020,8,2.249,100,2020,9,2.174,150,2020,10,2.438,100,2020,11,2.275,100,2020,12,2.119,150,2021.0,1.0,2.544,150.0,2021.0,2.0,2.305,150.0,2021.0,3.0,2.482,50.0,2021.0,4.0,2.161,50.0,2021.0,5.0,1.976,50.0,2021.0,6.0,2.055,50.0,2021.0,7.0,1.945,50.0,2021.0,8.0,2.249,100.0,2021.0,9.0,2.174,150.0,2021.0,10.0,2.438,100.0,2021.0,11.0,2.275,100.0,2021.0,12.0,2.119,150.0,2022.0,1.0,2.544,150.0,2022.0,2.0,2.305,150.0,2022.0,3.0,2.482,50.0,2022.0,4.0,2.161,50.0,2022.0,5.0,1.976,50.0,2022.0,6.0,2.055,50.0,2022.0,7.0,1.945,50.0,2022.0,8.0,2.249,100.0,2022.0,9.0,2.174,150.0,2022.0,10.0,2.438,100.0,2022.0,11.0,2.275,100.0,2022.0,12.0,2.119,150.0,2023.0,1.0,2.544,150.0,2023.0,2.0,2.305,150.0,2023.0,3.0,2.482,50.0,2023.0,4.0,2.161,50.0,Haunn,,Rubha BÃ n,Alba / Scotland,HS8 5JJ,United Kingdom
61078010,Stromness Tide Gauge,58.96195697,-3.297046663,536544,38358,max,2018,5,2.482,100,2018,6,2.582,50,2018,7,2.496,150,2018,8,2.699,100,2018,9,2.721,100,2018,10,2.84,100,2018,11,2.893,100,2018,12,2.962,100,2019,1,2.995,100,2019,2,3.0,50,2019,3,2.921,100,2019,4,2.486,50,2019,5,2.482,100,2019,6,2.582,50,2019,7,2.496,150,2019,8,2.699,100,2019,9,2.721,100,2019,10,2.84,100,2019,11,2.893,100,2019,12,2.962,100,2020,1,2.995,100,2020,2,3.0,50,2020,3,2.921,100,2020,4,2.486,50,2020,5,2.482,100,2020,6,2.582,50,2020,7,2.496,150,2020,8,2.699,100,2020,9,2.721,100,2020,10,2.84,100,2020,11,2.893,100,2020,12,2.962,100,2021.0,1.0,2.995,100.0,2021.0,2.0,3.0,50.0,2021.0,3.0,2.921,100.0,2021.0,4.0,2.486,50.0,2021.0,5.0,2.482,100.0,2021.0,6.0,2.582,50.0,2021.0,7.0,2.496,150.0,2021.0,8.0,2.699,100.0,2021.0,9.0,2.721,100.0,2021.0,10.0,2.84,100.0,2021.0,11.0,2.893,100.0,2021.0,12.0,2.962,100.0,2022.0,1.0,2.995,100.0,2022.0,2.0,3.0,50.0,2022.0,3.0,2.921,100.0,2022.0,4.0,2.486,50.0,2022.0,5.0,2.482,100.0,2022.0,6.0,2.582,50.0,2022.0,7.0,2.496,150.0,2022.0,8.0,2.699,100.0,2022.0,9.0,2.721,100.0,2022.0,10.0,2.84,100.0,2022.0,11.0,2.893,100.0,2022.0,12.0,2.962,100.0,2023.0,1.0,2.995,100.0,2023.0,2.0,3.0,50.0,2023.0,3.0,2.921,100.0,2023.0,4.0,2.486,50.0,,,,Alba / Scotland,KW16 3AA,United Kingdom
60741010,Berneray Tide Gauge,57.714282,-7.169577693,511675,38256,max,2018,5,2.28,150,2018,6,2.12,150,2018,7,2.409,150,2018,8,2.603,150,2018,9,2.567,150,2018,10,2.593,150,2018,11,2.584,150,2018,12,2.51,254,2019,1,2.865,150,2019,2,2.835,254,2019,3,2.855,150,2019,4,2.421,150,2019,5,2.28,150,2019,6,2.12,150,2019,7,2.409,150,2019,8,2.603,150,2019,9,2.567,150,2019,10,2.593,150,2019,11,2.584,150,2019,12,2.51,254,2020,1,2.865,150,2020,2,2.835,254,2020,3,2.855,150,2020,4,2.421,150,2020,5,2.28,150,2020,6,2.12,150,2020,7,2.409,150,2020,8,2.603,150,2020,9,2.567,150,2020,10,2.593,150,2020,11,2.584,150,2020,12,2.51,254,2021.0,1.0,2.865,150.0,2021.0,2.0,2.835,254.0,2021.0,3.0,2.855,150.0,2021.0,4.0,2.421,150.0,2021.0,5.0,2.28,150.0,2021.0,6.0,2.12,150.0,2021.0,7.0,2.409,150.0,2021.0,8.0,2.603,150.0,2021.0,9.0,2.567,150.0,2021.0,10.0,2.593,150.0,2021.0,11.0,2.584,150.0,2021.0,12.0,2.51,254.0,2022.0,1.0,2.865,150.0,2022.0,2.0,2.835,254.0,2022.0,3.0,2.855,150.0,2022.0,4.0,2.421,150.0,2022.0,5.0,2.28,150.0,2022.0,6.0,2.12,150.0,2022.0,7.0,2.409,150.0,2022.0,8.0,2.603,150.0,2022.0,9.0,2.567,150.0,2022.0,10.0,2.593,150.0,2022.0,11.0,2.584,150.0,2022.0,12.0,2.51,254.0,2023.0,1.0,2.865,150.0,2023.0,2.0,2.835,254.0,2023.0,3.0,2.855,150.0,2023.0,4.0,2.421,150.0,Cul na Beinne,,Borgh,Alba / Scotland,HS6 5BF,United Kingdom
57115010,Clachnaharry,57.4905025,-4.263020458,234184,37216,max,2018,5,2.797,50,2018,6,2.811,50,2018,7,3.017,100,2018,8,3.409,100,2018,9,3.146,50,2018,10,3.262,50,2018,11,3.27,100,2018,12,3.48,50,2019,1,3.476,50,2019,2,3.433,100,2019,3,3.182,50,2019,4,2.946,100,2019,5,2.797,50,2019,6,2.811,50,2019,7,3.017,100,2019,8,3.409,100,2019,9,3.146,50,2019,10,3.262,50,2019,11,3.27,100,2019,12,3.48,50,2020,1,3.476,50,2020,2,3.433,100,2020,3,3.182,50,2020,4,2.946,100,2020,5,2.797,50,2020,6,2.811,50,2020,7,3.017,100,2020,8,3.409,100,2020,9,3.146,50,2020,10,3.262,50,2020,11,3.27,100,2020,12,3.48,50,2021.0,1.0,3.476,50.0,2021.0,2.0,3.433,100.0,2021.0,3.0,3.182,50.0,2021.0,4.0,2.946,100.0,2021.0,5.0,2.797,50.0,2021.0,6.0,2.811,50.0,2021.0,7.0,3.017,100.0,2021.0,8.0,3.409,100.0,2021.0,9.0,3.146,50.0,2021.0,10.0,3.262,50.0,2021.0,11.0,3.27,100.0,2021.0,12.0,3.48,50.0,2022.0,1.0,3.476,50.0,2022.0,2.0,3.433,100.0,2022.0,3.0,3.182,50.0,2022.0,4.0,2.946,100.0,2022.0,5.0,2.797,50.0,2022.0,6.0,2.811,50.0,2022.0,7.0,3.017,100.0,2022.0,8.0,3.409,100.0,2022.0,9.0,3.146,50.0,2022.0,10.0,3.262,50.0,2022.0,11.0,3.27,100.0,2022.0,12.0,3.48,50.0,2023.0,1.0,3.476,50.0,2023.0,2.0,3.433,100.0,2023.0,3.0,3.182,50.0,2023.0,4.0,2.946,100.0,Blackpark,Muirtown,,Alba / Scotland,IV3 8RG,United Kingdom
60227010,Oban Tidal,56.41160383,-5.480662403,490749,38116,max,2018,5,5.286,100,2018,6,5.287,50,2018,7,5.288,50,2018,8,5.468,100,2018,9,5.359,100,2018,10,5.675,50,2018,11,5.465,100,2018,12,5.76,50,2019,1,6.125,254,2019,2,5.56,100,2019,3,5.716,100,2019,4,5.369,100,2019,5,5.286,100,2019,6,5.287,50,2019,7,5.288,50,2019,8,5.468,100,2019,9,5.359,100,2019,10,5.675,50,2019,11,5.465,100,2019,12,5.76,50,2020,1,6.125,254,2020,2,5.56,100,2020,3,5.716,100,2020,4,5.369,100,2020,5,5.286,100,2020,6,5.287,50,2020,7,5.288,50,2020,8,5.468,100,2020,9,5.359,100,2020,10,5.675,50,2020,11,5.465,100,2020,12,5.76,50,2021.0,1.0,6.125,254.0,2021.0,2.0,5.56,100.0,2021.0,3.0,5.716,100.0,2021.0,4.0,5.369,100.0,2021.0,5.0,5.286,100.0,2021.0,6.0,5.287,50.0,2021.0,7.0,5.288,50.0,2021.0,8.0,5.468,100.0,2021.0,9.0,5.359,100.0,2021.0,10.0,5.675,50.0,2021.0,11.0,5.465,100.0,2021.0,12.0,5.76,50.0,2022.0,1.0,6.125,254.0,2022.0,2.0,5.56,100.0,2022.0,3.0,5.716,100.0,2022.0,4.0,5.369,100.0,2022.0,5.0,5.286,100.0,2022.0,6.0,5.287,50.0,2022.0,7.0,5.288,50.0,2022.0,8.0,5.468,100.0,2022.0,9.0,5.359,100.0,2022.0,10.0,5.675,50.0,2022.0,11.0,5.465,100.0,2022.0,12.0,5.76,50.0,2023.0,1.0,6.125,254.0,2023.0,2.0,5.56,100.0,2023.0,3.0,5.716,100.0,2023.0,4.0,5.369,100.0,,Pulpit Hill,,Alba / Scotland,PA34 4LS,United Kingdom
53647010,Renfrew Tide Gauge,55.88537088,-4.382885201,133138,36246,max,2018,5,5.241,200,2018,6,5.39,200,2018,7,5.639,200,2018,8,5.2,200,2018,9,5.455,200,2018,10,5.849,200,2018,11,5.791,200,2018,12,6.503,200,2019,1,6.292,200,2019,2,5.995,200,2019,3,5.753,200,2019,4,5.231,200,2019,5,5.241,200,2019,6,5.39,200,2019,7,5.639,200,2019,8,5.2,200,2019,9,5.455,200,2019,10,5.849,200,2019,11,5.791,200,2019,12,6.503,200,2020,1,6.292,200,2020,2,5.995,200,2020,3,5.753,200,2020,4,5.231,200,2020,5,5.241,200,2020,6,5.39,200,2020,7,5.639,200,2020,8,5.2,200,2020,9,5.455,200,2020,10,5.849,200,2020,11,5.791,200,2020,12,6.503,200,2021.0,1.0,6.292,200.0,2021.0,2.0,5.995,200.0,2021.0,3.0,5.753,200.0,2021.0,4.0,5.231,200.0,2021.0,5.0,5.241,200.0,2021.0,6.0,5.39,200.0,2021.0,7.0,5.639,200.0,2021.0,8.0,5.2,200.0,2021.0,9.0,5.455,200.0,2021.0,10.0,5.849,200.0,2021.0,11.0,5.791,200.0,2021.0,12.0,6.503,200.0,2022.0,1.0,6.292,200.0,2022.0,2.0,5.995,200.0,2022.0,3.0,5.753,200.0,2022.0,4.0,5.231,200.0,2022.0,5.0,5.241,200.0,2022.0,6.0,5.39,200.0,2022.0,7.0,5.639,200.0,2022.0,8.0,5.2,200.0,2022.0,9.0,5.455,200.0,2022.0,10.0,5.849,200.0,2022.0,11.0,5.791,200.0,2022.0,12.0,6.503,200.0,2023.0,1.0,6.292,200.0,2023.0,2.0,5.995,200.0,2023.0,3.0,5.753,200.0,2023.0,4.0,5.231,200.0,,Loanhead,,Alba / Scotland,G14 0LZ,United Kingdom
59518010,Gourock Tide Gauge,55.96030471,-4.814267835,363624,37900,max,2018,5,4.103,50,2018,6,4.558,50,2018,7,4.329,100,2018,8,4.52,100,2018,9,4.308,254,2018,10,4.923,254,2018,11,6.01,254,2018,12,9.974,254,2019,1,9.983,254,2019,2,4.907,50,2019,3,4.407,50,2019,4,4.464,50,2019,5,4.103,50,2019,6,4.558,50,2019,7,4.329,100,2019,8,4.52,100,2019,9,4.308,254,2019,10,4.923,254,2019,11,6.01,254,2019,12,9.974,254,2020,1,9.983,254,2020,2,4.907,50,2020,3,4.407,50,2020,4,4.464,50,2020,5,4.103,50,2020,6,4.558,50,2020,7,4.329,100,2020,8,4.52,100,2020,9,4.308,254,2020,10,4.923,254,2020,11,6.01,254,2020,12,9.974,254,0.0,0.0,0.0,0.0,0.0,0.0,0.0,0.0,0.0,0.0,0.0,0.0,0.0,0.0,0.0,0.0,0.0,0.0,0.0,0.0,0.0,0.0,0.0,0.0,0.0,0.0,0.0,0.0,0.0,0.0,0.0,0.0,0.0,0.0,0.0,0.0,0.0,0.0,0.0,0.0,0.0,0.0,0.0,0.0,0.0,0.0,0.0,0.0,0.0,0.0,0.0,0.0,0.0,0.0,0.0,0.0,0.0,0.0,0.0,0.0,0.0,0.0,0.0,0.0,0.0,0.0,0.0,0.0,0.0,0.0,0.0,0.0,0.0,0.0,0.0,0.0,0.0,0.0,0.0,0.0,0.0,0.0,0.0,0.0,0.0,0.0,0.0,0.0,0.0,0.0,0.0,0.0,0.0,0.0,0.0,0.0,0.0,0.0,0.0,0.0,0.0,0.0,0.0,0.0,0.0,0.0,0.0,0.0,0.0,0.0,0.0,0.0,,Cardwell Bay,,Alba / Scotland,PA19 1RE,United Kingdom
59169010,Musselburgh Tidal,55.94722512,-3.048630228,341339,37804,max,2018,5,1.778,254,2018,6,2.039,200,2018,7,1.555,200,2018,8,1.755,200,2018,9,1.866,254,2018,10,1.865,200,2018,11,1.896,200,2018,12,2.095,200,2019,1,1.963,254,2019,2,1.898,200,2019,3,1.934,200,2019,4,1.679,254,2019,5,1.778,254,2019,6,2.039,200,2019,7,1.555,200,2019,8,1.755,200,2019,9,1.866,254,2019,10,1.865,200,2019,11,1.896,200,2019,12,2.095,200,2020,1,1.963,254,2020,2,1.898,200,2020,3,1.934,200,2020,4,1.679,254,2020,5,1.778,254,2020,6,2.039,200,2020,7,1.555,200,2020,8,1.755,200,2020,9,1.866,254,2020,10,1.865,200,2020,11,1.896,200,2020,12,2.095,200,2021.0,1.0,1.963,254.0,2021.0,2.0,1.898,200.0,2021.0,3.0,1.934,200.0,2021.0,4.0,1.679,254.0,2021.0,5.0,1.778,254.0,2021.0,6.0,2.039,200.0,2021.0,7.0,1.555,200.0,2021.0,8.0,1.755,200.0,2021.0,9.0,1.866,254.0,2021.0,10.0,1.865,200.0,2021.0,11.0,1.896,200.0,2021.0,12.0,2.095,200.0,2022.0,1.0,1.963,254.0,2022.0,2.0,1.898,200.0,2022.0,3.0,1.934,200.0,2022.0,4.0,1.679,254.0,2022.0,5.0,1.778,254.0,2022.0,6.0,2.039,200.0,2022.0,7.0,1.555,200.0,2022.0,8.0,1.755,200.0,2022.0,9.0,1.866,254.0,2022.0,10.0,1.865,200.0,2022.0,11.0,1.896,200.0,2022.0,12.0,2.095,200.0,2023.0,1.0,1.963,254.0,2023.0,2.0,1.898,200.0,2023.0,3.0,1.934,200.0,2023.0,4.0,1.679,254.0,,Fisherrow,,Alba / Scotland,EH21 7SN,United Kingdom
57166010,Corpach,56.84179895,-5.123822546,234187,37226,max,2018,5,3.4,200,2018,6,2.825,200,2018,7,2.825,200,2018,8,3.057,100,2018,9,3.452,200,2018,10,3.363,100,2018,11,3.525,100,2018,12,4.352,200,2019,1,4.429,100,2019,2,3.505,150,2019,3,3.488,150,2019,4,2.974,100,2019,5,3.4,200,2019,6,2.825,200,2019,7,2.825,200,2019,8,3.057,100,2019,9,3.452,200,2019,10,3.363,100,2019,11,3.525,100,2019,12,4.352,200,2020,1,4.429,100,2020,2,3.505,150,2020,3,3.488,150,2020,4,2.974,100,2020,5,3.4,200,2020,6,2.825,200,2020,7,2.825,200,2020,8,3.057,100,2020,9,3.452,200,2020,10,3.363,100,2020,11,3.525,100,2020,12,4.352,200,2021.0,1.0,4.429,100.0,2021.0,2.0,3.505,150.0,2021.0,3.0,3.488,150.0,2021.0,4.0,2.974,100.0,2021.0,5.0,3.4,200.0,2021.0,6.0,2.825,200.0,2021.0,7.0,2.825,200.0,2021.0,8.0,3.057,100.0,2021.0,9.0,3.452,200.0,2021.0,10.0,3.363,100.0,2021.0,11.0,3.525,100.0,2021.0,12.0,4.352,200.0,2022.0,1.0,4.429,100.0,2022.0,2.0,3.505,150.0,2022.0,3.0,3.488,150.0,2022.0,4.0,2.974,100.0,2022.0,5.0,3.4,200.0,2022.0,6.0,2.825,200.0,2022.0,7.0,2.825,200.0,2022.0,8.0,3.057,100.0,2022.0,9.0,3.452,200.0,2022.0,10.0,3.363,100.0,2022.0,11.0,3.525,100.0,2022.0,12.0,4.352,200.0,2023.0,1.0,4.429,100.0,2023.0,2.0,3.505,150.0,2023.0,3.0,3.488,150.0,2023.0,4.0,2.974,100.0,,,Corpach,Alba / Scotland,PH33 7JG,United Kingdom
53682010,Rothesay Tide Gauge,55.83882721,-5.052449446,133139,36252,max,2018,5,4.185,150,2018,6,4.232,150,2018,7,4.397,100,2018,8,4.404,100,2018,9,4.4,100,2018,10,4.628,150,2018,11,4.984,200,2018,12,4.648,254,2019,1,4.789,200,2019,2,5.081,200,2019,3,4.84,150,2019,4,4.19,200,2019,5,4.185,150,2019,6,4.232,150,2019,7,4.397,100,2019,8,4.404,100,2019,9,4.4,100,2019,10,4.628,150,2019,11,4.984,200,2019,12,4.648,254,2020,1,4.789,200,2020,2,5.081,200,2020,3,4.84,150,2020,4,4.19,200,2020,5,4.185,150,2020,6,4.232,150,2020,7,4.397,100,2020,8,4.404,100,2020,9,4.4,100,2020,10,4.628,150,2020,11,4.984,200,2020,12,4.648,254,2021.0,1.0,4.789,200.0,2021.0,2.0,5.081,200.0,2021.0,3.0,4.84,150.0,2021.0,4.0,4.19,200.0,2021.0,5.0,4.185,150.0,2021.0,6.0,4.232,150.0,2021.0,7.0,4.397,100.0,2021.0,8.0,4.404,100.0,2021.0,9.0,4.4,100.0,2021.0,10.0,4.628,150.0,2021.0,11.0,4.984,200.0,2021.0,12.0,4.648,254.0,2022.0,1.0,4.789,200.0,2022.0,2.0,5.081,200.0,2022.0,3.0,4.84,150.0,2022.0,4.0,4.19,200.0,2022.0,5.0,4.185,150.0,2022.0,6.0,4.232,150.0,2022.0,7.0,4.397,100.0,2022.0,8.0,4.404,100.0,2022.0,9.0,4.4,100.0,2022.0,10.0,4.628,150.0,2022.0,11.0,4.984,200.0,2022.0,12.0,4.648,254.0,2023.0,1.0,4.789,200.0,2023.0,2.0,5.081,200.0,2023.0,3.0,4.84,150.0,2023.0,4.0,4.19,200.0,,,,Alba / Scotland,PA20 9AG,United Kingdom
52614010,Tarbert Tidal,55.8645479,-5.411186791,116037,35990,max,2018,5,4.057,200,2018,6,4.359,200,2018,7,5.012,200,2018,8,4.563,200,2018,9,5.181,200,2018,10,5.265,254,2018,11,6.162,200,2018,12,5.238,200,2019,1,4.792,200,2019,2,4.678,254,2019,3,4.32,200,2019,4,4.059,200,2019,5,4.057,200,2019,6,4.359,200,2019,7,5.012,200,2019,8,4.563,200,2019,9,5.181,200,2019,10,5.265,254,2019,11,6.162,200,2019,12,5.238,200,2020,1,4.792,200,2020,2,4.678,254,2020,3,4.32,200,2020,4,4.059,200,2020,5,4.057,200,2020,6,4.359,200,2020,7,5.012,200,2020,8,4.563,200,2020,9,5.181,200,2020,10,5.265,254,2020,11,6.162,200,2020,12,5.238,200,2021.0,1.0,4.792,200.0,2021.0,2.0,4.678,254.0,2021.0,3.0,4.32,200.0,2021.0,4.0,4.059,200.0,2021.0,5.0,4.057,200.0,2021.0,6.0,4.359,200.0,2021.0,7.0,5.012,200.0,2021.0,8.0,4.563,200.0,2021.0,9.0,5.181,200.0,2021.0,10.0,5.265,254.0,2021.0,11.0,6.162,200.0,2021.0,12.0,5.238,200.0,2022.0,1.0,4.792,200.0,2022.0,2.0,4.678,254.0,2022.0,3.0,4.32,200.0,2022.0,4.0,4.059,200.0,2022.0,5.0,4.057,200.0,2022.0,6.0,4.359,200.0,2022.0,7.0,5.012,200.0,2022.0,8.0,4.563,200.0,2022.0,9.0,5.181,200.0,2022.0,10.0,5.265,254.0,2022.0,11.0,6.162,200.0,2022.0,12.0,5.238,200.0,2023.0,1.0,4.792,200.0,2023.0,2.0,4.678,254.0,2023.0,3.0,4.32,200.0,2023.0,4.0,4.059,200.0,,,Tarbert,Alba / Scotland,PA29 6UD,United Kingdom
60367010,Kingairloch Tide Gauge,56.61619985,-5.503025816,494728,38156,max,2018,5,2.641,50,2018,6,2.686,50,2018,7,2.562,50,2018,8,2.879,100,2018,9,2.753,150,2018,10,3.094,150,2018,11,2.872,150,2018,12,3.052,150,2019,1,3.503,150,2019,2,2.923,150,2019,3,3.176,150,2019,4,2.865,200,2019,5,2.641,50,2019,6,2.686,50,2019,7,2.562,50,2019,8,2.879,100,2019,9,2.753,150,2019,10,3.094,150,2019,11,2.872,150,2019,12,3.052,150,2020,1,3.503,150,2020,2,2.923,150,2020,3,3.176,150,2020,4,2.865,200,2020,5,2.641,50,2020,6,2.686,50,2020,7,2.562,50,2020,8,2.879,100,2020,9,2.753,150,2020,10,3.094,150,2020,11,2.872,150,2020,12,3.052,150,2021.0,1.0,3.503,150.0,2021.0,2.0,2.923,150.0,2021.0,3.0,3.176,150.0,2021.0,4.0,2.865,200.0,2021.0,5.0,2.641,50.0,2021.0,6.0,2.686,50.0,2021.0,7.0,2.562,50.0,2021.0,8.0,2.879,100.0,2021.0,9.0,2.753,150.0,2021.0,10.0,3.094,150.0,2021.0,11.0,2.872,150.0,2021.0,12.0,3.052,150.0,2022.0,1.0,3.503,150.0,2022.0,2.0,2.923,150.0,2022.0,3.0,3.176,150.0,2022.0,4.0,2.865,200.0,2022.0,5.0,2.641,50.0,2022.0,6.0,2.686,50.0,2022.0,7.0,2.562,50.0,2022.0,8.0,2.879,100.0,2022.0,9.0,2.753,150.0,2022.0,10.0,3.094,150.0,2022.0,11.0,2.872,150.0,2022.0,12.0,3.052,150.0,2023.0,1.0,3.503,150.0,2023.0,2.0,2.923,150.0,2023.0,3.0,3.176,150.0,2023.0,4.0,2.865,200.0,Kingairloch,Ardgour,,Alba / Scotland,PH33 7AE,United Kingdom
60307010,Cromarty,57.6828141,-4.038547427,492364,38142,max,2018,5,2.538,100,2018,6,2.622,100,2018,7,2.528,100,2018,8,2.741,254,2018,9,2.659,150,2018,10,2.787,254,2018,11,2.855,50,2018,12,3.185,254,2019,1,3.087,100,2019,2,3.325,100,2019,3,2.967,254,2019,4,2.738,254,2019,5,2.538,100,2019,6,2.622,100,2019,7,2.528,100,2019,8,2.741,254,2019,9,2.659,150,2019,10,2.787,254,2019,11,2.855,50,2019,12,3.185,254,2020,1,3.087,100,2020,2,3.325,100,2020,3,2.967,254,2020,4,2.738,254,2020,5,2.538,100,2020,6,2.622,100,2020,7,2.528,100,2020,8,2.741,254,2020,9,2.659,150,2020,10,2.787,254,2020,11,2.855,50,2020,12,3.185,254,2021.0,1.0,3.087,100.0,2021.0,2.0,3.325,100.0,2021.0,3.0,2.967,254.0,2021.0,4.0,2.738,254.0,2021.0,5.0,2.538,100.0,2021.0,6.0,2.622,100.0,2021.0,7.0,2.528,100.0,2021.0,8.0,2.741,254.0,2021.0,9.0,2.659,150.0,2021.0,10.0,2.787,254.0,2021.0,11.0,2.855,50.0,2021.0,12.0,3.185,254.0,2022.0,1.0,3.087,100.0,2022.0,2.0,3.325,100.0,2022.0,3.0,2.967,254.0,2022.0,4.0,2.738,254.0,2022.0,5.0,2.538,100.0,2022.0,6.0,2.622,100.0,2022.0,7.0,2.528,100.0,2022.0,8.0,2.741,254.0,2022.0,9.0,2.659,150.0,2022.0,10.0,2.787,254.0,2022.0,11.0,2.855,50.0,2022.0,12.0,3.185,254.0,2023.0,1.0,3.087,100.0,2023.0,2.0,3.325,100.0,2023.0,3.0,2.967,254.0,2023.0,4.0,2.738,254.0,,,,Alba / Scotland,IV11 8XZ,United Kingdom
61305010,Stranraer Tide Gauge,54.90622876,-5.029804979,557485,38418,max,2018,8,3.914,50,2018,9,3.847,100,2018,10,3.994,50,2018,11,4.123,100,2018,12,3.956,50,2019,1,4.147,50,2019,2,4.389,50,2019,3,4.12,50,2019,4,3.598,50,2019,5,3.584,100,2019,6,3.472,100,2019,7,3.693,100,2019,8,3.914,50,2019,9,3.847,100,2019,10,3.994,50,2019,11,4.123,100,2019,12,3.956,50,2020,1,4.147,50,2020,2,4.389,50,2020,3,4.12,50,2020,4,3.598,50,2020,5,3.584,100,2020,6,3.472,100,2020,7,3.693,100,2020,8,3.914,50,2020,9,3.847,100,2020,10,3.994,50,2020,11,4.123,100,2020,12,3.956,50,2021,1,4.147,50,2021,2,4.389,50,2021,3,4.12,50,2021.0,4.0,3.598,50.0,2021.0,5.0,3.584,100.0,2021.0,6.0,3.472,100.0,2021.0,7.0,3.693,100.0,2021.0,8.0,3.914,50.0,2021.0,9.0,3.847,100.0,2021.0,10.0,3.994,50.0,2021.0,11.0,4.123,100.0,2021.0,12.0,3.956,50.0,2022.0,1.0,4.147,50.0,2022.0,2.0,4.389,50.0,2022.0,3.0,4.12,50.0,2022.0,4.0,3.598,50.0,2022.0,5.0,3.584,100.0,2022.0,6.0,3.472,100.0,2022.0,7.0,3.693,100.0,2022.0,8.0,3.914,50.0,2022.0,9.0,3.847,100.0,2022.0,10.0,3.994,50.0,2022.0,11.0,4.123,100.0,2022.0,12.0,3.956,50.0,2023.0,1.0,4.147,50.0,2023.0,2.0,4.389,50.0,2023.0,3.0,4.12,50.0,2023.0,4.0,3.598,50.0,0.0,0.0,0.0,0.0,0.0,0.0,0.0,0.0,0.0,0.0,0.0,0.0,,,,Alba / Scotland,DG9 7RF,United Kingdom
60913010,Eyemouth Tide Gauge,55.87284359,-2.08638411,525180,38314,max,2018,5,5.084,254,2018,6,5.08,254,2018,7,4.957,254,2018,8,5.261,254,2018,9,5.417,254,2018,10,5.224,254,2018,11,5.5,254,2018,12,5.186,254,2019,1,5.4,254,2019,2,5.454,254,2019,3,5.495,254,2019,4,5.17,254,2019,5,5.084,254,2019,6,5.08,254,2019,7,4.957,254,2019,8,5.261,254,2019,9,5.417,254,2019,10,5.224,254,2019,11,5.5,254,2019,12,5.186,254,2020,1,5.4,254,2020,2,5.454,254,2020,3,5.495,254,2020,4,5.17,254,2020,5,5.084,254,2020,6,5.08,254,2020,7,4.957,254,2020,8,5.261,254,2020,9,5.417,254,2020,10,5.224,254,2020,11,5.5,254,2020,12,5.186,254,2021.0,1.0,5.4,254.0,2021.0,2.0,5.454,254.0,2021.0,3.0,5.495,254.0,2021.0,4.0,5.17,254.0,2021.0,5.0,5.084,254.0,2021.0,6.0,5.08,254.0,2021.0,7.0,4.957,254.0,2021.0,8.0,5.261,254.0,2021.0,9.0,5.417,254.0,2021.0,10.0,5.224,254.0,2021.0,11.0,5.5,254.0,2021.0,12.0,5.186,254.0,2022.0,1.0,5.4,254.0,2022.0,2.0,5.454,254.0,2022.0,3.0,5.495,254.0,2022.0,4.0,5.17,254.0,2022.0,5.0,5.084,254.0,2022.0,6.0,5.08,254.0,2022.0,7.0,4.957,254.0,2022.0,8.0,5.261,254.0,2022.0,9.0,5.417,254.0,2022.0,10.0,5.224,254.0,2022.0,11.0,5.5,254.0,2022.0,12.0,5.186,254.0,2023.0,1.0,5.4,254.0,2023.0,2.0,5.454,254.0,2023.0,3.0,5.495,254.0,2023.0,4.0,5.17,254.0,,,,Alba / Scotland,TD14 5HL,United Kingdom
60504010,Kingston Tide Gauge,57.67317185,-3.108441404,503411,38196,max,2018,5,2.251,50,2018,6,2.449,50,2018,7,2.333,50,2018,8,2.956,100,2018,9,2.492,50,2018,10,2.888,50,2018,11,2.696,50,2018,12,2.61,50,2019,1,2.778,50,2019,2,2.982,50,2019,3,2.812,100,2019,4,2.456,50,2019,5,2.251,50,2019,6,2.449,50,2019,7,2.333,50,2019,8,2.956,100,2019,9,2.492,50,2019,10,2.888,50,2019,11,2.696,50,2019,12,2.61,50,2020,1,2.778,50,2020,2,2.982,50,2020,3,2.812,100,2020,4,2.456,50,2020,5,2.251,50,2020,6,2.449,50,2020,7,2.333,50,2020,8,2.956,100,2020,9,2.492,50,2020,10,2.888,50,2020,11,2.696,50,2020,12,2.61,50,2021.0,1.0,2.778,50.0,2021.0,2.0,2.982,50.0,2021.0,3.0,2.812,100.0,2021.0,4.0,2.456,50.0,2021.0,5.0,2.251,50.0,2021.0,6.0,2.449,50.0,2021.0,7.0,2.333,50.0,2021.0,8.0,2.956,100.0,2021.0,9.0,2.492,50.0,2021.0,10.0,2.888,50.0,2021.0,11.0,2.696,50.0,2021.0,12.0,2.61,50.0,2022.0,1.0,2.778,50.0,2022.0,2.0,2.982,50.0,2022.0,3.0,2.812,100.0,2022.0,4.0,2.456,50.0,2022.0,5.0,2.251,50.0,2022.0,6.0,2.449,50.0,2022.0,7.0,2.333,50.0,2022.0,8.0,2.956,100.0,2022.0,9.0,2.492,50.0,2022.0,10.0,2.888,50.0,2022.0,11.0,2.696,50.0,2022.0,12.0,2.61,50.0,2023.0,1.0,2.778,50.0,2023.0,2.0,2.982,50.0,2023.0,3.0,2.812,100.0,2023.0,4.0,2.456,50.0,,,Garmouth,Alba / Scotland,IV32 7NJ,United Kingdom
53612010,Girvan Tide Gauge,55.24404201,-4.859673631,133137,36240,max,2018,5,3.741,200,2018,6,3.629,100,2018,7,3.639,200,2018,8,3.935,200,2018,9,3.936,150,2018,10,3.979,200,2018,11,4.331,200,2018,12,4.393,200,2019,1,4.48,200,2019,2,4.444,200,2019,3,4.048,200,2019,4,3.937,200,2019,5,3.741,200,2019,6,3.629,100,2019,7,3.639,200,2019,8,3.935,200,2019,9,3.936,150,2019,10,3.979,200,2019,11,4.331,200,2019,12,4.393,200,2020,1,4.48,200,2020,2,4.444,200,2020,3,4.048,200,2020,4,3.937,200,2020,5,3.741,200,2020,6,3.629,100,2020,7,3.639,200,2020,8,3.935,200,2020,9,3.936,150,2020,10,3.979,200,2020,11,4.331,200,2020,12,4.393,200,2021.0,1.0,4.48,200.0,2021.0,2.0,4.444,200.0,2021.0,3.0,4.048,200.0,2021.0,4.0,3.937,200.0,2021.0,5.0,3.741,200.0,2021.0,6.0,3.629,100.0,2021.0,7.0,3.639,200.0,2021.0,8.0,3.935,200.0,2021.0,9.0,3.936,150.0,2021.0,10.0,3.979,200.0,2021.0,11.0,4.331,200.0,2021.0,12.0,4.393,200.0,2022.0,1.0,4.48,200.0,2022.0,2.0,4.444,200.0,2022.0,3.0,4.048,200.0,2022.0,4.0,3.937,200.0,2022.0,5.0,3.741,200.0,2022.0,6.0,3.629,100.0,2022.0,7.0,3.639,200.0,2022.0,8.0,3.935,200.0,2022.0,9.0,3.936,150.0,2022.0,10.0,3.979,200.0,2022.0,11.0,4.331,200.0,2022.0,12.0,4.393,200.0,2023.0,1.0,4.48,200.0,2023.0,2.0,4.444,200.0,2023.0,3.0,4.048,200.0,2023.0,4.0,3.937,200.0,,,,Alba / Scotland,KA26 9AJ,United Kingdom
52531010,Buckie,57.68078962,-2.954125879,116009,35972,max,2018,5,2.404,100,2018,6,2.521,254,2018,7,2.354,150,2018,8,2.617,150,2018,9,2.569,100,2018,10,2.685,100,2018,11,2.95,200,2018,12,3.009,254,2019,1,2.79,100,2019,2,2.984,100,2019,3,2.838,254,2019,4,2.575,254,2019,5,2.404,100,2019,6,2.521,254,2019,7,2.354,150,2019,8,2.617,150,2019,9,2.569,100,2019,10,2.685,100,2019,11,2.95,200,2019,12,3.009,254,2020,1,2.79,100,2020,2,2.984,100,2020,3,2.838,254,2020,4,2.575,254,2020,5,2.404,100,2020,6,2.521,254,2020,7,2.354,150,2020,8,2.617,150,2020,9,2.569,100,2020,10,2.685,100,2020,11,2.95,200,2020,12,3.009,254,2021.0,1.0,2.79,100.0,2021.0,2.0,2.984,100.0,2021.0,3.0,2.838,254.0,2021.0,4.0,2.575,254.0,2021.0,5.0,2.404,100.0,2021.0,6.0,2.521,254.0,2021.0,7.0,2.354,150.0,2021.0,8.0,2.617,150.0,2021.0,9.0,2.569,100.0,2021.0,10.0,2.685,100.0,2021.0,11.0,2.95,200.0,2021.0,12.0,3.009,254.0,2022.0,1.0,2.79,100.0,2022.0,2.0,2.984,100.0,2022.0,3.0,2.838,254.0,2022.0,4.0,2.575,254.0,2022.0,5.0,2.404,100.0,2022.0,6.0,2.521,254.0,2022.0,7.0,2.354,150.0,2022.0,8.0,2.617,150.0,2022.0,9.0,2.569,100.0,2022.0,10.0,2.685,100.0,2022.0,11.0,2.95,200.0,2022.0,12.0,3.009,254.0,2023.0,1.0,2.79,100.0,2023.0,2.0,2.984,100.0,2023.0,3.0,2.838,254.0,2023.0,4.0,2.575,254.0,,Gordonsburgh,,Alba / Scotland,AB56 1UQ,United Kingdom
61113010,Kirkwall Tide Gauge,58.98544269,-2.960257953,536545,38364,max,2018,5,2.065,50,2018,6,2.173,50,2018,7,2.003,50,2018,8,2.214,100,2018,9,2.234,100,2018,10,2.269,50,2018,11,2.418,254,2018,12,2.446,254,2019,1,2.64,254,2019,2,2.5,254,2019,3,2.404,50,2019,4,1.976,50,2019,5,2.065,50,2019,6,2.173,50,2019,7,2.003,50,2019,8,2.214,100,2019,9,2.234,100,2019,10,2.269,50,2019,11,2.418,254,2019,12,2.446,254,2020,1,2.64,254,2020,2,2.5,254,2020,3,2.404,50,2020,4,1.976,50,2020,5,2.065,50,2020,6,2.173,50,2020,7,2.003,50,2020,8,2.214,100,2020,9,2.234,100,2020,10,2.269,50,2020,11,2.418,254,2020,12,2.446,254,2021.0,1.0,2.64,254.0,2021.0,2.0,2.5,254.0,2021.0,3.0,2.404,50.0,2021.0,4.0,1.976,50.0,2021.0,5.0,2.065,50.0,2021.0,6.0,2.173,50.0,2021.0,7.0,2.003,50.0,2021.0,8.0,2.214,100.0,2021.0,9.0,2.234,100.0,2021.0,10.0,2.269,50.0,2021.0,11.0,2.418,254.0,2021.0,12.0,2.446,254.0,2022.0,1.0,2.64,254.0,2022.0,2.0,2.5,254.0,2022.0,3.0,2.404,50.0,2022.0,4.0,1.976,50.0,2022.0,5.0,2.065,50.0,2022.0,6.0,2.173,50.0,2022.0,7.0,2.003,50.0,2022.0,8.0,2.214,100.0,2022.0,9.0,2.234,100.0,2022.0,10.0,2.269,50.0,2022.0,11.0,2.418,254.0,2022.0,12.0,2.446,254.0,2023.0,1.0,2.64,254.0,2023.0,2.0,2.5,254.0,2023.0,3.0,2.404,50.0,2023.0,4.0,1.976,50.0,,,,Alba / Scotland,KW15 1NU,United Kingdom
59066010,ArbroathTidal,56.55550327,-2.583060469,336675,37766,max,2018,5,5.724,200,2018,6,5.734,254,2018,7,5.847,254,2018,8,5.889,200,2018,9,5.94,200,2018,10,6.059,254,2018,11,6.165,200,2018,12,6.329,200,2019,1,6.024,200,2019,2,6.06,200,2019,3,6.489,200,2019,4,6.126,200,2019,5,5.724,200,2019,6,5.734,254,2019,7,5.847,254,2019,8,5.889,200,2019,9,5.94,200,2019,10,6.059,254,2019,11,6.165,200,2019,12,6.329,200,2020,1,6.024,200,2020,2,6.06,200,2020,3,6.489,200,2020,4,6.126,200,2020,5,5.724,200,2020,6,5.734,254,2020,7,5.847,254,2020,8,5.889,200,2020,9,5.94,200,2020,10,6.059,254,2020,11,6.165,200,2020,12,6.329,200,2021.0,1.0,6.024,200.0,2021.0,2.0,6.06,200.0,2021.0,3.0,6.489,200.0,2021.0,4.0,6.126,200.0,2021.0,5.0,5.724,200.0,2021.0,6.0,5.734,254.0,2021.0,7.0,5.847,254.0,2021.0,8.0,5.889,200.0,2021.0,9.0,5.94,200.0,2021.0,10.0,6.059,254.0,2021.0,11.0,6.165,200.0,2021.0,12.0,6.329,200.0,2022.0,1.0,6.024,200.0,2022.0,2.0,6.06,200.0,2022.0,3.0,6.489,200.0,2022.0,4.0,6.126,200.0,2022.0,5.0,5.724,200.0,2022.0,6.0,5.734,254.0,2022.0,7.0,5.847,254.0,2022.0,8.0,5.889,200.0,2022.0,9.0,5.94,200.0,2022.0,10.0,6.059,254.0,2022.0,11.0,6.165,200.0,2022.0,12.0,6.329,200.0,2023.0,1.0,6.024,200.0,2023.0,2.0,6.06,200.0,2023.0,3.0,6.489,200.0,2023.0,4.0,6.126,200.0,,Fit o' the Toon,,Alba / Scotland,DD11 1BH,United Kingdom
54857010,Newport,56.43741936,-2.94561274,14914,36540,max,2018,5,6.133,254,2018,6,6.064,200,2018,7,6.449,50,2018,8,6.46,200,2018,9,6.321,254,2018,10,6.308,200,2018,11,6.719,100,2018,12,6.52,200,2019,1,6.447,200,2019,2,6.44,200,2019,3,6.39,150,2019,4,6.372,150,2019,5,6.133,254,2019,6,6.064,200,2019,7,6.449,50,2019,8,6.46,200,2019,9,6.321,254,2019,10,6.308,200,2019,11,6.719,100,2019,12,6.52,200,2020,1,6.447,200,2020,2,6.44,200,2020,3,6.39,150,2020,4,6.372,150,2020,5,6.133,254,2020,6,6.064,200,2020,7,6.449,50,2020,8,6.46,200,2020,9,6.321,254,2020,10,6.308,200,2020,11,6.719,100,2020,12,6.52,200,2021.0,1.0,6.447,200.0,2021.0,2.0,6.44,200.0,2021.0,3.0,6.39,150.0,2021.0,4.0,6.372,150.0,2021.0,5.0,6.133,254.0,2021.0,6.0,6.064,200.0,2021.0,7.0,6.449,50.0,2021.0,8.0,6.46,200.0,2021.0,9.0,6.321,254.0,2021.0,10.0,6.308,200.0,2021.0,11.0,6.719,100.0,2021.0,12.0,6.52,200.0,2022.0,1.0,6.447,200.0,2022.0,2.0,6.44,200.0,2022.0,3.0,6.39,150.0,2022.0,4.0,6.372,150.0,2022.0,5.0,6.133,254.0,2022.0,6.0,6.064,200.0,2022.0,7.0,6.449,50.0,2022.0,8.0,6.46,200.0,2022.0,9.0,6.321,254.0,2022.0,10.0,6.308,200.0,2022.0,11.0,6.719,100.0,2022.0,12.0,6.52,200.0,2023.0,1.0,6.447,200.0,2023.0,2.0,6.44,200.0,2023.0,3.0,6.39,150.0,2023.0,4.0,6.372,150.0,,Woodhaven,,Alba / Scotland,DD6 8EX,United Kingdom
60621010,Kirkcudbright Bay Tide Gauge,54.79470544,-4.06235608,506171,38226,max,2018,5,8.602,50,2018,6,8.56,150,2018,7,9.002,150,2018,8,9.608,150,2018,9,9.967,254,2018,10,9.256,254,2018,11,9.322,150,2018,12,9.162,254,2019,1,9.602,150,2019,2,9.574,150,2019,3,9.93,150,2019,4,9.478,150,2019,5,8.602,50,2019,6,8.56,150,2019,7,9.002,150,2019,8,9.608,150,2019,9,9.967,254,2019,10,9.256,254,2019,11,9.322,150,2019,12,9.162,254,2020,1,9.602,150,2020,2,9.574,150,2020,3,9.93,150,2020,4,9.478,150,2020,5,8.602,50,2020,6,8.56,150,2020,7,9.002,150,2020,8,9.608,150,2020,9,9.967,254,2020,10,9.256,254,2020,11,9.322,150,2020,12,9.162,254,2021.0,1.0,9.602,150.0,2021.0,2.0,9.574,150.0,2021.0,3.0,9.93,150.0,2021.0,4.0,9.478,150.0,2021.0,5.0,8.602,50.0,2021.0,6.0,8.56,150.0,2021.0,7.0,9.002,150.0,2021.0,8.0,9.608,150.0,2021.0,9.0,9.967,254.0,2021.0,10.0,9.256,254.0,2021.0,11.0,9.322,150.0,2021.0,12.0,9.162,254.0,2022.0,1.0,9.602,150.0,2022.0,2.0,9.574,150.0,2022.0,3.0,9.93,150.0,2022.0,4.0,9.478,150.0,2022.0,5.0,8.602,50.0,2022.0,6.0,8.56,150.0,2022.0,7.0,9.002,150.0,2022.0,8.0,9.608,150.0,2022.0,9.0,9.967,254.0,2022.0,10.0,9.256,254.0,2022.0,11.0,9.322,150.0,2022.0,12.0,9.162,254.0,2023.0,1.0,9.602,150.0,2023.0,2.0,9.574,150.0,2023.0,3.0,9.93,150.0,2023.0,4.0,9.478,150.0,,,,Alba / Scotland,DG6 4XJ,United Kingdom
52533010,Buckie,57.68078962,-2.954125879,116009,35972,min,2018,5,-1.904,100,2018,6,-1.89,254,2018,7,-1.889,150,2018,8,-2.086,150,2018,9,-2.227,100,2018,10,-2.074,100,2018,11,-2.0,200,2018,12,-2.276,254,2019,1,-2.029,100,2019,2,-2.173,100,2019,3,-4.757,254,2019,4,-2.128,254,2019,5,-1.904,100,2019,6,-1.89,254,2019,7,-1.889,150,2019,8,-2.086,150,2019,9,-2.227,100,2019,10,-2.074,100,2019,11,-2.0,200,2019,12,-2.276,254,2020,1,-2.029,100,2020,2,-2.173,100,2020,3,-4.757,254,2020,4,-2.128,254,2020,5,-1.904,100,2020,6,-1.89,254,2020,7,-1.889,150,2020,8,-2.086,150,2020,9,-2.227,100,2020,10,-2.074,100,2020,11,-2.0,200,2020,12,-2.276,254,2021.0,1.0,-2.029,100.0,2021.0,2.0,-2.173,100.0,2021.0,3.0,-4.757,254.0,2021.0,4.0,-2.128,254.0,2021.0,5.0,-1.904,100.0,2021.0,6.0,-1.89,254.0,2021.0,7.0,-1.889,150.0,2021.0,8.0,-2.086,150.0,2021.0,9.0,-2.227,100.0,2021.0,10.0,-2.074,100.0,2021.0,11.0,-2.0,200.0,2021.0,12.0,-2.276,254.0,2022.0,1.0,-2.029,100.0,2022.0,2.0,-2.173,100.0,2022.0,3.0,-4.757,254.0,2022.0,4.0,-2.128,254.0,2022.0,5.0,-1.904,100.0,2022.0,6.0,-1.89,254.0,2022.0,7.0,-1.889,150.0,2022.0,8.0,-2.086,150.0,2022.0,9.0,-2.227,100.0,2022.0,10.0,-2.074,100.0,2022.0,11.0,-2.0,200.0,2022.0,12.0,-2.276,254.0,2023.0,1.0,-2.029,100.0,2023.0,2.0,-2.173,100.0,2023.0,3.0,-4.757,254.0,2023.0,4.0,-2.128,254.0,,Gordonsburgh,,Alba / Scotland,AB56 1UQ,United Kingdom
61115010,Kirkwall Tide Gauge,58.98544269,-2.960257953,536545,38364,min,2018,5,-1.24,50,2018,6,-1.066,50,2018,7,-1.224,50,2018,8,-1.252,100,2018,9,-1.441,100,2018,10,-1.374,50,2018,11,-1.077,254,2018,12,-1.097,254,2019,1,-1.274,254,2019,2,-1.401,254,2019,3,-1.46,50,2019,4,-1.474,50,2019,5,-1.24,50,2019,6,-1.066,50,2019,7,-1.224,50,2019,8,-1.252,100,2019,9,-1.441,100,2019,10,-1.374,50,2019,11,-1.077,254,2019,12,-1.097,254,2020,1,-1.274,254,2020,2,-1.401,254,2020,3,-1.46,50,2020,4,-1.474,50,2020,5,-1.24,50,2020,6,-1.066,50,2020,7,-1.224,50,2020,8,-1.252,100,2020,9,-1.441,100,2020,10,-1.374,50,2020,11,-1.077,254,2020,12,-1.097,254,2021.0,1.0,-1.274,254.0,2021.0,2.0,-1.401,254.0,2021.0,3.0,-1.46,50.0,2021.0,4.0,-1.474,50.0,2021.0,5.0,-1.24,50.0,2021.0,6.0,-1.066,50.0,2021.0,7.0,-1.224,50.0,2021.0,8.0,-1.252,100.0,2021.0,9.0,-1.441,100.0,2021.0,10.0,-1.374,50.0,2021.0,11.0,-1.077,254.0,2021.0,12.0,-1.097,254.0,2022.0,1.0,-1.274,254.0,2022.0,2.0,-1.401,254.0,2022.0,3.0,-1.46,50.0,2022.0,4.0,-1.474,50.0,2022.0,5.0,-1.24,50.0,2022.0,6.0,-1.066,50.0,2022.0,7.0,-1.224,50.0,2022.0,8.0,-1.252,100.0,2022.0,9.0,-1.441,100.0,2022.0,10.0,-1.374,50.0,2022.0,11.0,-1.077,254.0,2022.0,12.0,-1.097,254.0,2023.0,1.0,-1.274,254.0,2023.0,2.0,-1.401,254.0,2023.0,3.0,-1.46,50.0,2023.0,4.0,-1.474,50.0,,,,Alba / Scotland,KW15 1NU,United Kingdom
59068010,ArbroathTidal,56.55550327,-2.583060469,336675,37766,min,2018,5,-0.028,200,2018,6,0.452,254,2018,7,0.448,254,2018,8,0.483,200,2018,9,0.489,200,2018,10,0.491,254,2018,11,0.559,200,2018,12,0.473,200,2019,1,0.418,200,2019,2,0.414,200,2019,3,0.314,200,2019,4,0.197,200,2019,5,-0.028,200,2019,6,0.452,254,2019,7,0.448,254,2019,8,0.483,200,2019,9,0.489,200,2019,10,0.491,254,2019,11,0.559,200,2019,12,0.473,200,2020,1,0.418,200,2020,2,0.414,200,2020,3,0.314,200,2020,4,0.197,200,2020,5,-0.028,200,2020,6,0.452,254,2020,7,0.448,254,2020,8,0.483,200,2020,9,0.489,200,2020,10,0.491,254,2020,11,0.559,200,2020,12,0.473,200,2021.0,1.0,0.418,200.0,2021.0,2.0,0.414,200.0,2021.0,3.0,0.314,200.0,2021.0,4.0,0.197,200.0,2021.0,5.0,-0.028,200.0,2021.0,6.0,0.452,254.0,2021.0,7.0,0.448,254.0,2021.0,8.0,0.483,200.0,2021.0,9.0,0.489,200.0,2021.0,10.0,0.491,254.0,2021.0,11.0,0.559,200.0,2021.0,12.0,0.473,200.0,2022.0,1.0,0.418,200.0,2022.0,2.0,0.414,200.0,2022.0,3.0,0.314,200.0,2022.0,4.0,0.197,200.0,2022.0,5.0,-0.028,200.0,2022.0,6.0,0.452,254.0,2022.0,7.0,0.448,254.0,2022.0,8.0,0.483,200.0,2022.0,9.0,0.489,200.0,2022.0,10.0,0.491,254.0,2022.0,11.0,0.559,200.0,2022.0,12.0,0.473,200.0,2023.0,1.0,0.418,200.0,2023.0,2.0,0.414,200.0,2023.0,3.0,0.314,200.0,2023.0,4.0,0.197,200.0,,Fit o' the Toon,,Alba / Scotland,DD11 1BH,United Kingdom
60915010,Eyemouth Tide Gauge,55.87284359,-2.08638411,525180,38314,min,2018,5,-0.127,254,2018,6,-0.092,254,2018,7,-0.191,254,2018,8,-0.185,254,2018,9,-0.381,254,2018,10,-0.215,254,2018,11,-0.058,254,2018,12,-0.006,254,2019,1,-0.092,254,2019,2,-0.282,254,2019,3,-0.249,254,2019,4,-0.389,254,2019,5,-0.127,254,2019,6,-0.092,254,2019,7,-0.191,254,2019,8,-0.185,254,2019,9,-0.381,254,2019,10,-0.215,254,2019,11,-0.058,254,2019,12,-0.006,254,2020,1,-0.092,254,2020,2,-0.282,254,2020,3,-0.249,254,2020,4,-0.389,254,2020,5,-0.127,254,2020,6,-0.092,254,2020,7,-0.191,254,2020,8,-0.185,254,2020,9,-0.381,254,2020,10,-0.215,254,2020,11,-0.058,254,2020,12,-0.006,254,2021.0,1.0,-0.092,254.0,2021.0,2.0,-0.282,254.0,2021.0,3.0,-0.249,254.0,2021.0,4.0,-0.389,254.0,2021.0,5.0,-0.127,254.0,2021.0,6.0,-0.092,254.0,2021.0,7.0,-0.191,254.0,2021.0,8.0,-0.185,254.0,2021.0,9.0,-0.381,254.0,2021.0,10.0,-0.215,254.0,2021.0,11.0,-0.058,254.0,2021.0,12.0,-0.006,254.0,2022.0,1.0,-0.092,254.0,2022.0,2.0,-0.282,254.0,2022.0,3.0,-0.249,254.0,2022.0,4.0,-0.389,254.0,2022.0,5.0,-0.127,254.0,2022.0,6.0,-0.092,254.0,2022.0,7.0,-0.191,254.0,2022.0,8.0,-0.185,254.0,2022.0,9.0,-0.381,254.0,2022.0,10.0,-0.215,254.0,2022.0,11.0,-0.058,254.0,2022.0,12.0,-0.006,254.0,2023.0,1.0,-0.092,254.0,2023.0,2.0,-0.282,254.0,2023.0,3.0,-0.249,254.0,2023.0,4.0,-0.389,254.0,,,,Alba / Scotland,TD14 5HL,United Kingdom
60506010,Kingston Tide Gauge,57.67317185,-3.108441404,503411,38196,min,2018,5,0.863,50,2018,6,0.854,50,2018,7,0.854,50,2018,8,0.805,100,2018,9,0.844,50,2018,10,0.856,50,2018,11,0.872,50,2018,12,0.868,50,2019,1,0.862,50,2019,2,0.86,50,2019,3,0.846,100,2019,4,0.858,50,2019,5,0.863,50,2019,6,0.854,50,2019,7,0.854,50,2019,8,0.805,100,2019,9,0.844,50,2019,10,0.856,50,2019,11,0.872,50,2019,12,0.868,50,2020,1,0.862,50,2020,2,0.86,50,2020,3,0.846,100,2020,4,0.858,50,2020,5,0.863,50,2020,6,0.854,50,2020,7,0.854,50,2020,8,0.805,100,2020,9,0.844,50,2020,10,0.856,50,2020,11,0.872,50,2020,12,0.868,50,2021.0,1.0,0.862,50.0,2021.0,2.0,0.86,50.0,2021.0,3.0,0.846,100.0,2021.0,4.0,0.858,50.0,2021.0,5.0,0.863,50.0,2021.0,6.0,0.854,50.0,2021.0,7.0,0.854,50.0,2021.0,8.0,0.805,100.0,2021.0,9.0,0.844,50.0,2021.0,10.0,0.856,50.0,2021.0,11.0,0.872,50.0,2021.0,12.0,0.868,50.0,2022.0,1.0,0.862,50.0,2022.0,2.0,0.86,50.0,2022.0,3.0,0.846,100.0,2022.0,4.0,0.858,50.0,2022.0,5.0,0.863,50.0,2022.0,6.0,0.854,50.0,2022.0,7.0,0.854,50.0,2022.0,8.0,0.805,100.0,2022.0,9.0,0.844,50.0,2022.0,10.0,0.856,50.0,2022.0,11.0,0.872,50.0,2022.0,12.0,0.868,50.0,2023.0,1.0,0.862,50.0,2023.0,2.0,0.86,50.0,2023.0,3.0,0.846,100.0,2023.0,4.0,0.858,50.0,,,Garmouth,Alba / Scotland,IV32 7NJ,United Kingdom
53614010,Girvan Tide Gauge,55.24404201,-4.859673631,133137,36240,min,2018,5,-0.074,200,2018,6,0.135,100,2018,7,0.016,200,2018,8,-0.273,150,2018,9,-0.206,150,2018,10,0.117,200,2018,11,0.035,200,2018,12,0.007,200,2019,1,-0.19,200,2019,2,-0.413,200,2019,3,-0.267,200,2019,4,0.009,200,2019,5,-0.074,200,2019,6,0.135,100,2019,7,0.016,200,2019,8,-0.273,150,2019,9,-0.206,150,2019,10,0.117,200,2019,11,0.035,200,2019,12,0.007,200,2020,1,-0.19,200,2020,2,-0.413,200,2020,3,-0.267,200,2020,4,0.009,200,2020,5,-0.074,200,2020,6,0.135,100,2020,7,0.016,200,2020,8,-0.273,150,2020,9,-0.206,150,2020,10,0.117,200,2020,11,0.035,200,2020,12,0.007,200,2021.0,1.0,-0.19,200.0,2021.0,2.0,-0.413,200.0,2021.0,3.0,-0.267,200.0,2021.0,4.0,0.009,200.0,2021.0,5.0,-0.074,200.0,2021.0,6.0,0.135,100.0,2021.0,7.0,0.016,200.0,2021.0,8.0,-0.273,150.0,2021.0,9.0,-0.206,150.0,2021.0,10.0,0.117,200.0,2021.0,11.0,0.035,200.0,2021.0,12.0,0.007,200.0,2022.0,1.0,-0.19,200.0,2022.0,2.0,-0.413,200.0,2022.0,3.0,-0.267,200.0,2022.0,4.0,0.009,200.0,2022.0,5.0,-0.074,200.0,2022.0,6.0,0.135,100.0,2022.0,7.0,0.016,200.0,2022.0,8.0,-0.273,150.0,2022.0,9.0,-0.206,150.0,2022.0,10.0,0.117,200.0,2022.0,11.0,0.035,200.0,2022.0,12.0,0.007,200.0,2023.0,1.0,-0.19,200.0,2023.0,2.0,-0.413,200.0,2023.0,3.0,-0.267,200.0,2023.0,4.0,0.009,200.0,,,,Alba / Scotland,KA26 9AJ,United Kingdom
60623010,Kirkcudbright Bay Tide Gauge,54.79470544,-4.06235608,506171,38226,min,2018,5,0.498,50,2018,6,0.639,150,2018,7,0.464,150,2018,8,0.222,150,2018,9,0.363,254,2018,10,0.596,254,2018,11,0.686,150,2018,12,0.357,254,2019,1,0.417,150,2019,2,-0.442,150,2019,3,-0.488,150,2019,4,0.382,150,2019,5,0.498,50,2019,6,0.639,150,2019,7,0.464,150,2019,8,0.222,150,2019,9,0.363,254,2019,10,0.596,254,2019,11,0.686,150,2019,12,0.357,254,2020,1,0.417,150,2020,2,-0.442,150,2020,3,-0.488,150,2020,4,0.382,150,2020,5,0.498,50,2020,6,0.639,150,2020,7,0.464,150,2020,8,0.222,150,2020,9,0.363,254,2020,10,0.596,254,2020,11,0.686,150,2020,12,0.357,254,2021.0,1.0,0.417,150.0,2021.0,2.0,-0.442,150.0,2021.0,3.0,-0.488,150.0,2021.0,4.0,0.382,150.0,2021.0,5.0,0.498,50.0,2021.0,6.0,0.639,150.0,2021.0,7.0,0.464,150.0,2021.0,8.0,0.222,150.0,2021.0,9.0,0.363,254.0,2021.0,10.0,0.596,254.0,2021.0,11.0,0.686,150.0,2021.0,12.0,0.357,254.0,2022.0,1.0,0.417,150.0,2022.0,2.0,-0.442,150.0,2022.0,3.0,-0.488,150.0,2022.0,4.0,0.382,150.0,2022.0,5.0,0.498,50.0,2022.0,6.0,0.639,150.0,2022.0,7.0,0.464,150.0,2022.0,8.0,0.222,150.0,2022.0,9.0,0.363,254.0,2022.0,10.0,0.596,254.0,2022.0,11.0,0.686,150.0,2022.0,12.0,0.357,254.0,2023.0,1.0,0.417,150.0,2023.0,2.0,-0.442,150.0,2023.0,3.0,-0.488,150.0,2023.0,4.0,0.382,150.0,,,,Alba / Scotland,DG6 4XJ,United Kingdom
54859010,Newport,56.43741936,-2.94561274,14914,36540,min,2018,5,0.338,254,2018,6,0.348,200,2018,7,0.35,50,2018,8,0.33,200,2018,9,0.33,254,2018,10,0.342,200,2018,11,0.35,100,2018,12,0.336,200,2019,1,0.326,200,2019,2,0.293,200,2019,3,0.306,150,2019,4,0.308,150,2019,5,0.338,254,2019,6,0.348,200,2019,7,0.35,50,2019,8,0.33,200,2019,9,0.33,254,2019,10,0.342,200,2019,11,0.35,100,2019,12,0.336,200,2020,1,0.326,200,2020,2,0.293,200,2020,3,0.306,150,2020,4,0.308,150,2020,5,0.338,254,2020,6,0.348,200,2020,7,0.35,50,2020,8,0.33,200,2020,9,0.33,254,2020,10,0.342,200,2020,11,0.35,100,2020,12,0.336,200,2021.0,1.0,0.326,200.0,2021.0,2.0,0.293,200.0,2021.0,3.0,0.306,150.0,2021.0,4.0,0.308,150.0,2021.0,5.0,0.338,254.0,2021.0,6.0,0.348,200.0,2021.0,7.0,0.35,50.0,2021.0,8.0,0.33,200.0,2021.0,9.0,0.33,254.0,2021.0,10.0,0.342,200.0,2021.0,11.0,0.35,100.0,2021.0,12.0,0.336,200.0,2022.0,1.0,0.326,200.0,2022.0,2.0,0.293,200.0,2022.0,3.0,0.306,150.0,2022.0,4.0,0.308,150.0,2022.0,5.0,0.338,254.0,2022.0,6.0,0.348,200.0,2022.0,7.0,0.35,50.0,2022.0,8.0,0.33,200.0,2022.0,9.0,0.33,254.0,2022.0,10.0,0.342,200.0,2022.0,11.0,0.35,100.0,2022.0,12.0,0.336,200.0,2023.0,1.0,0.326,200.0,2023.0,2.0,0.293,200.0,2023.0,3.0,0.306,150.0,2023.0,4.0,0.308,150.0,,Woodhaven,,Alba / Scotland,DD6 8EX,United Kingdom
60743010,Berneray Tide Gauge,57.714282,-7.169577693,511675,38256,min,2018,5,-2.993,150,2018,6,-3.093,150,2018,7,-2.549,150,2018,8,-3.018,150,2018,9,-3.162,150,2018,10,-3.097,150,2018,11,-2.763,150,2018,12,-2.688,254,2019,1,-2.907,150,2019,2,-3.007,254,2019,3,-3.328,150,2019,4,-3.278,150,2019,5,-2.993,150,2019,6,-3.093,150,2019,7,-2.549,150,2019,8,-3.018,150,2019,9,-3.162,150,2019,10,-3.097,150,2019,11,-2.763,150,2019,12,-2.688,254,2020,1,-2.907,150,2020,2,-3.007,254,2020,3,-3.328,150,2020,4,-3.278,150,2020,5,-2.993,150,2020,6,-3.093,150,2020,7,-2.549,150,2020,8,-3.018,150,2020,9,-3.162,150,2020,10,-3.097,150,2020,11,-2.763,150,2020,12,-2.688,254,2021.0,1.0,-2.907,150.0,2021.0,2.0,-3.007,254.0,2021.0,3.0,-3.328,150.0,2021.0,4.0,-3.278,150.0,2021.0,5.0,-2.993,150.0,2021.0,6.0,-3.093,150.0,2021.0,7.0,-2.549,150.0,2021.0,8.0,-3.018,150.0,2021.0,9.0,-3.162,150.0,2021.0,10.0,-3.097,150.0,2021.0,11.0,-2.763,150.0,2021.0,12.0,-2.688,254.0,2022.0,1.0,-2.907,150.0,2022.0,2.0,-3.007,254.0,2022.0,3.0,-3.328,150.0,2022.0,4.0,-3.278,150.0,2022.0,5.0,-2.993,150.0,2022.0,6.0,-3.093,150.0,2022.0,7.0,-2.549,150.0,2022.0,8.0,-3.018,150.0,2022.0,9.0,-3.162,150.0,2022.0,10.0,-3.097,150.0,2022.0,11.0,-2.763,150.0,2022.0,12.0,-2.688,254.0,2023.0,1.0,-2.907,150.0,2023.0,2.0,-3.007,254.0,2023.0,3.0,-3.328,150.0,2023.0,4.0,-3.278,150.0,Cul na Beinne,,Borgh,Alba / Scotland,HS6 5BF,United Kingdom
61080010,Stromness Tide Gauge,58.96195697,-3.297046663,536544,38358,min,2018,5,-1.557,100,2018,6,-1.465,50,2018,7,-1.44,150,2018,8,-1.596,100,2018,9,-1.754,100,2018,10,-1.699,100,2018,11,-1.345,100,2018,12,-1.363,100,2019,1,-1.497,100,2019,2,-1.716,50,2019,3,-1.863,100,2019,4,-1.873,50,2019,5,-1.557,100,2019,6,-1.465,50,2019,7,-1.44,150,2019,8,-1.596,100,2019,9,-1.754,100,2019,10,-1.699,100,2019,11,-1.345,100,2019,12,-1.363,100,2020,1,-1.497,100,2020,2,-1.716,50,2020,3,-1.863,100,2020,4,-1.873,50,2020,5,-1.557,100,2020,6,-1.465,50,2020,7,-1.44,150,2020,8,-1.596,100,2020,9,-1.754,100,2020,10,-1.699,100,2020,11,-1.345,100,2020,12,-1.363,100,2021.0,1.0,-1.497,100.0,2021.0,2.0,-1.716,50.0,2021.0,3.0,-1.863,100.0,2021.0,4.0,-1.873,50.0,2021.0,5.0,-1.557,100.0,2021.0,6.0,-1.465,50.0,2021.0,7.0,-1.44,150.0,2021.0,8.0,-1.596,100.0,2021.0,9.0,-1.754,100.0,2021.0,10.0,-1.699,100.0,2021.0,11.0,-1.345,100.0,2021.0,12.0,-1.363,100.0,2022.0,1.0,-1.497,100.0,2022.0,2.0,-1.716,50.0,2022.0,3.0,-1.863,100.0,2022.0,4.0,-1.873,50.0,2022.0,5.0,-1.557,100.0,2022.0,6.0,-1.465,50.0,2022.0,7.0,-1.44,150.0,2022.0,8.0,-1.596,100.0,2022.0,9.0,-1.754,100.0,2022.0,10.0,-1.699,100.0,2022.0,11.0,-1.345,100.0,2022.0,12.0,-1.363,100.0,2023.0,1.0,-1.497,100.0,2023.0,2.0,-1.716,50.0,2023.0,3.0,-1.863,100.0,2023.0,4.0,-1.873,50.0,,,,Alba / Scotland,KW16 3AA,United Kingdom
57117010,Clachnaharry,57.4905025,-4.263020458,234184,37216,min,2018,5,-2.213,50,2018,6,-2.165,50,2018,7,-2.373,100,2018,8,-2.431,100,2018,9,-2.523,50,2018,10,-2.473,50,2018,11,-2.154,100,2018,12,-2.347,50,2019,1,-2.412,50,2019,2,-2.644,100,2019,3,-2.621,50,2019,4,-2.586,100,2019,5,-2.213,50,2019,6,-2.165,50,2019,7,-2.373,100,2019,8,-2.431,100,2019,9,-2.523,50,2019,10,-2.473,50,2019,11,-2.154,100,2019,12,-2.347,50,2020,1,-2.412,50,2020,2,-2.644,100,2020,3,-2.621,50,2020,4,-2.586,100,2020,5,-2.213,50,2020,6,-2.165,50,2020,7,-2.373,100,2020,8,-2.431,100,2020,9,-2.523,50,2020,10,-2.473,50,2020,11,-2.154,100,2020,12,-2.347,50,2021.0,1.0,-2.412,50.0,2021.0,2.0,-2.644,100.0,2021.0,3.0,-2.621,50.0,2021.0,4.0,-2.586,100.0,2021.0,5.0,-2.213,50.0,2021.0,6.0,-2.165,50.0,2021.0,7.0,-2.373,100.0,2021.0,8.0,-2.431,100.0,2021.0,9.0,-2.523,50.0,2021.0,10.0,-2.473,50.0,2021.0,11.0,-2.154,100.0,2021.0,12.0,-2.347,50.0,2022.0,1.0,-2.412,50.0,2022.0,2.0,-2.644,100.0,2022.0,3.0,-2.621,50.0,2022.0,4.0,-2.586,100.0,2022.0,5.0,-2.213,50.0,2022.0,6.0,-2.165,50.0,2022.0,7.0,-2.373,100.0,2022.0,8.0,-2.431,100.0,2022.0,9.0,-2.523,50.0,2022.0,10.0,-2.473,50.0,2022.0,11.0,-2.154,100.0,2022.0,12.0,-2.347,50.0,2023.0,1.0,-2.412,50.0,2023.0,2.0,-2.644,100.0,2023.0,3.0,-2.621,50.0,2023.0,4.0,-2.586,100.0,Blackpark,Muirtown,,Alba / Scotland,IV3 8RG,United Kingdom
60229010,Oban Tidal,56.41160383,-5.480662403,490749,38116,min,2018,5,0.926,100,2018,6,0.915,50,2018,7,1.005,50,2018,8,0.917,100,2018,9,0.743,100,2018,10,0.858,50,2018,11,0.982,100,2018,12,1.009,50,2019,1,0.843,254,2019,2,0.634,100,2019,3,0.617,100,2019,4,0.767,100,2019,5,0.926,100,2019,6,0.915,50,2019,7,1.005,50,2019,8,0.917,100,2019,9,0.743,100,2019,10,0.858,50,2019,11,0.982,100,2019,12,1.009,50,2020,1,0.843,254,2020,2,0.634,100,2020,3,0.617,100,2020,4,0.767,100,2020,5,0.926,100,2020,6,0.915,50,2020,7,1.005,50,2020,8,0.917,100,2020,9,0.743,100,2020,10,0.858,50,2020,11,0.982,100,2020,12,1.009,50,2021.0,1.0,0.843,254.0,2021.0,2.0,0.634,100.0,2021.0,3.0,0.617,100.0,2021.0,4.0,0.767,100.0,2021.0,5.0,0.926,100.0,2021.0,6.0,0.915,50.0,2021.0,7.0,1.005,50.0,2021.0,8.0,0.917,100.0,2021.0,9.0,0.743,100.0,2021.0,10.0,0.858,50.0,2021.0,11.0,0.982,100.0,2021.0,12.0,1.009,50.0,2022.0,1.0,0.843,254.0,2022.0,2.0,0.634,100.0,2022.0,3.0,0.617,100.0,2022.0,4.0,0.767,100.0,2022.0,5.0,0.926,100.0,2022.0,6.0,0.915,50.0,2022.0,7.0,1.005,50.0,2022.0,8.0,0.917,100.0,2022.0,9.0,0.743,100.0,2022.0,10.0,0.858,50.0,2022.0,11.0,0.982,100.0,2022.0,12.0,1.009,50.0,2023.0,1.0,0.843,254.0,2023.0,2.0,0.634,100.0,2023.0,3.0,0.617,100.0,2023.0,4.0,0.767,100.0,,Pulpit Hill,,Alba / Scotland,PA34 4LS,United Kingdom
53649010,Renfrew Tide Gauge,55.88537088,-4.382885201,133138,36246,min,2018,5,-0.417,200,2018,6,-0.511,200,2018,7,-0.591,200,2018,8,-0.643,200,2018,9,-0.603,200,2018,10,-0.593,200,2018,11,-0.507,200,2018,12,-0.365,200,2019,1,-0.728,200,2019,2,-0.803,200,2019,3,-0.782,200,2019,4,-0.807,200,2019,5,-0.417,200,2019,6,-0.511,200,2019,7,-0.591,200,2019,8,-0.643,200,2019,9,-0.603,200,2019,10,-0.593,200,2019,11,-0.507,200,2019,12,-0.365,200,2020,1,-0.728,200,2020,2,-0.803,200,2020,3,-0.782,200,2020,4,-0.807,200,2020,5,-0.417,200,2020,6,-0.511,200,2020,7,-0.591,200,2020,8,-0.643,200,2020,9,-0.603,200,2020,10,-0.593,200,2020,11,-0.507,200,2020,12,-0.365,200,2021.0,1.0,-0.728,200.0,2021.0,2.0,-0.803,200.0,2021.0,3.0,-0.782,200.0,2021.0,4.0,-0.807,200.0,2021.0,5.0,-0.417,200.0,2021.0,6.0,-0.511,200.0,2021.0,7.0,-0.591,200.0,2021.0,8.0,-0.643,200.0,2021.0,9.0,-0.603,200.0,2021.0,10.0,-0.593,200.0,2021.0,11.0,-0.507,200.0,2021.0,12.0,-0.365,200.0,2022.0,1.0,-0.728,200.0,2022.0,2.0,-0.803,200.0,2022.0,3.0,-0.782,200.0,2022.0,4.0,-0.807,200.0,2022.0,5.0,-0.417,200.0,2022.0,6.0,-0.511,200.0,2022.0,7.0,-0.591,200.0,2022.0,8.0,-0.643,200.0,2022.0,9.0,-0.603,200.0,2022.0,10.0,-0.593,200.0,2022.0,11.0,-0.507,200.0,2022.0,12.0,-0.365,200.0,2023.0,1.0,-0.728,200.0,2023.0,2.0,-0.803,200.0,2023.0,3.0,-0.782,200.0,2023.0,4.0,-0.807,200.0,,Loanhead,,Alba / Scotland,G14 0LZ,United Kingdom
60708010,Eriskay Tide Gauge,57.07060705,-7.309059721,511674,38250,min,2018,5,-2.538,50,2018,6,-2.285,50,2018,7,-2.312,50,2018,8,-2.536,100,2018,9,-2.672,150,2018,10,-2.608,100,2018,11,-2.366,100,2018,12,-2.385,150,2019,1,-2.455,150,2019,2,-2.749,150,2019,3,-2.789,50,2019,4,-2.693,50,2019,5,-2.538,50,2019,6,-2.285,50,2019,7,-2.312,50,2019,8,-2.536,100,2019,9,-2.672,150,2019,10,-2.608,100,2019,11,-2.366,100,2019,12,-2.385,150,2020,1,-2.455,150,2020,2,-2.749,150,2020,3,-2.789,50,2020,4,-2.693,50,2020,5,-2.538,50,2020,6,-2.285,50,2020,7,-2.312,50,2020,8,-2.536,100,2020,9,-2.672,150,2020,10,-2.608,100,2020,11,-2.366,100,2020,12,-2.385,150,2021.0,1.0,-2.455,150.0,2021.0,2.0,-2.749,150.0,2021.0,3.0,-2.789,50.0,2021.0,4.0,-2.693,50.0,2021.0,5.0,-2.538,50.0,2021.0,6.0,-2.285,50.0,2021.0,7.0,-2.312,50.0,2021.0,8.0,-2.536,100.0,2021.0,9.0,-2.672,150.0,2021.0,10.0,-2.608,100.0,2021.0,11.0,-2.366,100.0,2021.0,12.0,-2.385,150.0,2022.0,1.0,-2.455,150.0,2022.0,2.0,-2.749,150.0,2022.0,3.0,-2.789,50.0,2022.0,4.0,-2.693,50.0,2022.0,5.0,-2.538,50.0,2022.0,6.0,-2.285,50.0,2022.0,7.0,-2.312,50.0,2022.0,8.0,-2.536,100.0,2022.0,9.0,-2.672,150.0,2022.0,10.0,-2.608,100.0,2022.0,11.0,-2.366,100.0,2022.0,12.0,-2.385,150.0,2023.0,1.0,-2.455,150.0,2023.0,2.0,-2.749,150.0,2023.0,3.0,-2.789,50.0,2023.0,4.0,-2.693,50.0,Haunn,,Rubha BÃ n,Alba / Scotland,HS8 5JJ,United Kingdom
53684010,Rothesay Tide Gauge,55.83882721,-5.052449446,133139,36252,min,2018,5,-0.086,150,2018,6,-0.144,150,2018,7,-0.219,100,2018,8,-0.35,100,2018,9,-0.296,100,2018,10,-0.177,150,2018,11,-0.185,200,2018,12,-0.445,254,2019,1,-0.366,200,2019,2,-0.495,200,2019,3,-0.339,150,2019,4,-0.461,200,2019,5,-0.086,150,2019,6,-0.144,150,2019,7,-0.219,100,2019,8,-0.35,100,2019,9,-0.296,100,2019,10,-0.177,150,2019,11,-0.185,200,2019,12,-0.445,254,2020,1,-0.366,200,2020,2,-0.495,200,2020,3,-0.339,150,2020,4,-0.461,200,2020,5,-0.086,150,2020,6,-0.144,150,2020,7,-0.219,100,2020,8,-0.35,100,2020,9,-0.296,100,2020,10,-0.177,150,2020,11,-0.185,200,2020,12,-0.445,254,2021.0,1.0,-0.366,200.0,2021.0,2.0,-0.495,200.0,2021.0,3.0,-0.339,150.0,2021.0,4.0,-0.461,200.0,2021.0,5.0,-0.086,150.0,2021.0,6.0,-0.144,150.0,2021.0,7.0,-0.219,100.0,2021.0,8.0,-0.35,100.0,2021.0,9.0,-0.296,100.0,2021.0,10.0,-0.177,150.0,2021.0,11.0,-0.185,200.0,2021.0,12.0,-0.445,254.0,2022.0,1.0,-0.366,200.0,2022.0,2.0,-0.495,200.0,2022.0,3.0,-0.339,150.0,2022.0,4.0,-0.461,200.0,2022.0,5.0,-0.086,150.0,2022.0,6.0,-0.144,150.0,2022.0,7.0,-0.219,100.0,2022.0,8.0,-0.35,100.0,2022.0,9.0,-0.296,100.0,2022.0,10.0,-0.177,150.0,2022.0,11.0,-0.185,200.0,2022.0,12.0,-0.445,254.0,2023.0,1.0,-0.366,200.0,2023.0,2.0,-0.495,200.0,2023.0,3.0,-0.339,150.0,2023.0,4.0,-0.461,200.0,,,,Alba / Scotland,PA20 9AG,United Kingdom
52616010,Tarbert Tidal,55.8645479,-5.411186791,116037,35990,min,2018,5,-0.179,200,2018,6,-0.374,200,2018,7,-0.197,200,2018,8,-0.296,200,2018,9,-0.779,200,2018,10,-0.101,254,2018,11,-0.204,200,2018,12,-0.24,200,2019,1,-0.347,200,2019,2,-0.705,254,2019,3,-0.847,200,2019,4,-0.351,200,2019,5,-0.179,200,2019,6,-0.374,200,2019,7,-0.197,200,2019,8,-0.296,200,2019,9,-0.779,200,2019,10,-0.101,254,2019,11,-0.204,200,2019,12,-0.24,200,2020,1,-0.347,200,2020,2,-0.705,254,2020,3,-0.847,200,2020,4,-0.351,200,2020,5,-0.179,200,2020,6,-0.374,200,2020,7,-0.197,200,2020,8,-0.296,200,2020,9,-0.779,200,2020,10,-0.101,254,2020,11,-0.204,200,2020,12,-0.24,200,2021.0,1.0,-0.347,200.0,2021.0,2.0,-0.705,254.0,2021.0,3.0,-0.847,200.0,2021.0,4.0,-0.351,200.0,2021.0,5.0,-0.179,200.0,2021.0,6.0,-0.374,200.0,2021.0,7.0,-0.197,200.0,2021.0,8.0,-0.296,200.0,2021.0,9.0,-0.779,200.0,2021.0,10.0,-0.101,254.0,2021.0,11.0,-0.204,200.0,2021.0,12.0,-0.24,200.0,2022.0,1.0,-0.347,200.0,2022.0,2.0,-0.705,254.0,2022.0,3.0,-0.847,200.0,2022.0,4.0,-0.351,200.0,2022.0,5.0,-0.179,200.0,2022.0,6.0,-0.374,200.0,2022.0,7.0,-0.197,200.0,2022.0,8.0,-0.296,200.0,2022.0,9.0,-0.779,200.0,2022.0,10.0,-0.101,254.0,2022.0,11.0,-0.204,200.0,2022.0,12.0,-0.24,200.0,2023.0,1.0,-0.347,200.0,2023.0,2.0,-0.705,254.0,2023.0,3.0,-0.847,200.0,2023.0,4.0,-0.351,200.0,,,Tarbert,Alba / Scotland,PA29 6UD,United Kingdom
60369010,Kingairloch Tide Gauge,56.61619985,-5.503025816,494728,38156,min,2018,5,-1.916,50,2018,6,-1.76,50,2018,7,-1.847,50,2018,8,-1.899,100,2018,9,-1.974,150,2018,10,-1.911,150,2018,11,-1.818,150,2018,12,-1.832,150,2019,1,-1.886,150,2019,2,-2.038,150,2019,3,-2.053,150,2019,4,-2.022,200,2019,5,-1.916,50,2019,6,-1.76,50,2019,7,-1.847,50,2019,8,-1.899,100,2019,9,-1.974,150,2019,10,-1.911,150,2019,11,-1.818,150,2019,12,-1.832,150,2020,1,-1.886,150,2020,2,-2.038,150,2020,3,-2.053,150,2020,4,-2.022,200,2020,5,-1.916,50,2020,6,-1.76,50,2020,7,-1.847,50,2020,8,-1.899,100,2020,9,-1.974,150,2020,10,-1.911,150,2020,11,-1.818,150,2020,12,-1.832,150,2021.0,1.0,-1.886,150.0,2021.0,2.0,-2.038,150.0,2021.0,3.0,-2.053,150.0,2021.0,4.0,-2.022,200.0,2021.0,5.0,-1.916,50.0,2021.0,6.0,-1.76,50.0,2021.0,7.0,-1.847,50.0,2021.0,8.0,-1.899,100.0,2021.0,9.0,-1.974,150.0,2021.0,10.0,-1.911,150.0,2021.0,11.0,-1.818,150.0,2021.0,12.0,-1.832,150.0,2022.0,1.0,-1.886,150.0,2022.0,2.0,-2.038,150.0,2022.0,3.0,-2.053,150.0,2022.0,4.0,-2.022,200.0,2022.0,5.0,-1.916,50.0,2022.0,6.0,-1.76,50.0,2022.0,7.0,-1.847,50.0,2022.0,8.0,-1.899,100.0,2022.0,9.0,-1.974,150.0,2022.0,10.0,-1.911,150.0,2022.0,11.0,-1.818,150.0,2022.0,12.0,-1.832,150.0,2023.0,1.0,-1.886,150.0,2023.0,2.0,-2.038,150.0,2023.0,3.0,-2.053,150.0,2023.0,4.0,-2.022,200.0,Kingairloch,Ardgour,,Alba / Scotland,PH33 7AE,United Kingdom
60309010,Cromarty,57.6828141,-4.038547427,492364,38142,min,2018,5,-2.019,100,2018,6,-2.125,100,2018,7,-2.065,100,2018,8,-2.173,254,2018,9,-2.256,150,2018,10,-2.219,254,2018,11,-1.917,50,2018,12,-1.942,254,2019,1,-2.112,100,2019,2,-2.186,100,2019,3,-2.284,254,2019,4,-2.231,254,2019,5,-2.019,100,2019,6,-2.125,100,2019,7,-2.065,100,2019,8,-2.173,254,2019,9,-2.256,150,2019,10,-2.219,254,2019,11,-1.917,50,2019,12,-1.942,254,2020,1,-2.112,100,2020,2,-2.186,100,2020,3,-2.284,254,2020,4,-2.231,254,2020,5,-2.019,100,2020,6,-2.125,100,2020,7,-2.065,100,2020,8,-2.173,254,2020,9,-2.256,150,2020,10,-2.219,254,2020,11,-1.917,50,2020,12,-1.942,254,2021.0,1.0,-2.112,100.0,2021.0,2.0,-2.186,100.0,2021.0,3.0,-2.284,254.0,2021.0,4.0,-2.231,254.0,2021.0,5.0,-2.019,100.0,2021.0,6.0,-2.125,100.0,2021.0,7.0,-2.065,100.0,2021.0,8.0,-2.173,254.0,2021.0,9.0,-2.256,150.0,2021.0,10.0,-2.219,254.0,2021.0,11.0,-1.917,50.0,2021.0,12.0,-1.942,254.0,2022.0,1.0,-2.112,100.0,2022.0,2.0,-2.186,100.0,2022.0,3.0,-2.284,254.0,2022.0,4.0,-2.231,254.0,2022.0,5.0,-2.019,100.0,2022.0,6.0,-2.125,100.0,2022.0,7.0,-2.065,100.0,2022.0,8.0,-2.173,254.0,2022.0,9.0,-2.256,150.0,2022.0,10.0,-2.219,254.0,2022.0,11.0,-1.917,50.0,2022.0,12.0,-1.942,254.0,2023.0,1.0,-2.112,100.0,2023.0,2.0,-2.186,100.0,2023.0,3.0,-2.284,254.0,2023.0,4.0,-2.231,254.0,,,,Alba / Scotland,IV11 8XZ,United Kingdom
61307010,Stranraer Tide Gauge,54.90622876,-5.029804979,557485,38418,min,2018,8,0.101,50,2018,9,0.096,100,2018,10,0.113,50,2018,11,0.215,100,2018,12,0.131,50,2019,1,0.109,50,2019,2,0.11,50,2019,3,0.053,50,2019,4,0.07,50,2019,5,0.112,100,2019,6,0.145,100,2019,7,0.272,100,2019,8,0.101,50,2019,9,0.096,100,2019,10,0.113,50,2019,11,0.215,100,2019,12,0.131,50,2020,1,0.109,50,2020,2,0.11,50,2020,3,0.053,50,2020,4,0.07,50,2020,5,0.112,100,2020,6,0.145,100,2020,7,0.272,100,2020,8,0.101,50,2020,9,0.096,100,2020,10,0.113,50,2020,11,0.215,100,2020,12,0.131,50,2021,1,0.109,50,2021,2,0.11,50,2021,3,0.053,50,2021.0,4.0,0.07,50.0,2021.0,5.0,0.112,100.0,2021.0,6.0,0.145,100.0,2021.0,7.0,0.272,100.0,2021.0,8.0,0.101,50.0,2021.0,9.0,0.096,100.0,2021.0,10.0,0.113,50.0,2021.0,11.0,0.215,100.0,2021.0,12.0,0.131,50.0,2022.0,1.0,0.109,50.0,2022.0,2.0,0.11,50.0,2022.0,3.0,0.053,50.0,2022.0,4.0,0.07,50.0,2022.0,5.0,0.112,100.0,2022.0,6.0,0.145,100.0,2022.0,7.0,0.272,100.0,2022.0,8.0,0.101,50.0,2022.0,9.0,0.096,100.0,2022.0,10.0,0.113,50.0,2022.0,11.0,0.215,100.0,2022.0,12.0,0.131,50.0,2023.0,1.0,0.109,50.0,2023.0,2.0,0.11,50.0,2023.0,3.0,0.053,50.0,2023.0,4.0,0.07,50.0,0.0,0.0,0.0,0.0,0.0,0.0,0.0,0.0,0.0,0.0,0.0,0.0,,,,Alba / Scotland,DG9 7RF,United Kingdom
59520010,Gourock Tide Gauge,55.96030471,-4.814267835,363624,37900,min,2018,5,-0.04,50,2018,6,-0.046,50,2018,7,-0.013,100,2018,8,-0.128,100,2018,9,-0.224,254,2018,10,-0.169,254,2018,11,0.054,254,2018,12,0.114,254,2019,1,0.053,254,2019,2,-0.211,50,2019,3,-0.371,50,2019,4,-0.146,50,2019,5,-0.04,50,2019,6,-0.046,50,2019,7,-0.013,100,2019,8,-0.128,100,2019,9,-0.224,254,2019,10,-0.169,254,2019,11,0.054,254,2019,12,0.114,254,2020,1,0.053,254,2020,2,-0.211,50,2020,3,-0.371,50,2020,4,-0.146,50,2020,5,-0.04,50,2020,6,-0.046,50,2020,7,-0.013,100,2020,8,-0.128,100,2020,9,-0.224,254,2020,10,-0.169,254,2020,11,0.054,254,2020,12,0.114,254,0.0,0.0,0.0,0.0,0.0,0.0,0.0,0.0,0.0,0.0,0.0,0.0,0.0,0.0,0.0,0.0,0.0,0.0,0.0,0.0,0.0,0.0,0.0,0.0,0.0,0.0,0.0,0.0,0.0,0.0,0.0,0.0,0.0,0.0,0.0,0.0,0.0,0.0,0.0,0.0,0.0,0.0,0.0,0.0,0.0,0.0,0.0,0.0,0.0,0.0,0.0,0.0,0.0,0.0,0.0,0.0,0.0,0.0,0.0,0.0,0.0,0.0,0.0,0.0,0.0,0.0,0.0,0.0,0.0,0.0,0.0,0.0,0.0,0.0,0.0,0.0,0.0,0.0,0.0,0.0,0.0,0.0,0.0,0.0,0.0,0.0,0.0,0.0,0.0,0.0,0.0,0.0,0.0,0.0,0.0,0.0,0.0,0.0,0.0,0.0,0.0,0.0,0.0,0.0,0.0,0.0,0.0,0.0,0.0,0.0,0.0,0.0,,Cardwell Bay,,Alba / Scotland,PA19 1RE,United Kingdom
59171010,Musselburgh Tidal,55.94722512,-3.048630228,341339,37804,min,2018,5,0.122,254,2018,6,0.116,200,2018,7,0.107,200,2018,8,0.126,200,2018,9,0.124,254,2018,10,0.124,200,2018,11,0.123,200,2018,12,0.158,200,2019,1,0.149,254,2019,2,0.144,200,2019,3,0.136,200,2019,4,0.131,254,2019,5,0.122,254,2019,6,0.116,200,2019,7,0.107,200,2019,8,0.126,200,2019,9,0.124,254,2019,10,0.124,200,2019,11,0.123,200,2019,12,0.158,200,2020,1,0.149,254,2020,2,0.144,200,2020,3,0.136,200,2020,4,0.131,254,2020,5,0.122,254,2020,6,0.116,200,2020,7,0.107,200,2020,8,0.126,200,2020,9,0.124,254,2020,10,0.124,200,2020,11,0.123,200,2020,12,0.158,200,2021.0,1.0,0.149,254.0,2021.0,2.0,0.144,200.0,2021.0,3.0,0.136,200.0,2021.0,4.0,0.131,254.0,2021.0,5.0,0.122,254.0,2021.0,6.0,0.116,200.0,2021.0,7.0,0.107,200.0,2021.0,8.0,0.126,200.0,2021.0,9.0,0.124,254.0,2021.0,10.0,0.124,200.0,2021.0,11.0,0.123,200.0,2021.0,12.0,0.158,200.0,2022.0,1.0,0.149,254.0,2022.0,2.0,0.144,200.0,2022.0,3.0,0.136,200.0,2022.0,4.0,0.131,254.0,2022.0,5.0,0.122,254.0,2022.0,6.0,0.116,200.0,2022.0,7.0,0.107,200.0,2022.0,8.0,0.126,200.0,2022.0,9.0,0.124,254.0,2022.0,10.0,0.124,200.0,2022.0,11.0,0.123,200.0,2022.0,12.0,0.158,200.0,2023.0,1.0,0.149,254.0,2023.0,2.0,0.144,200.0,2023.0,3.0,0.136,200.0,2023.0,4.0,0.131,254.0,,Fisherrow,,Alba / Scotland,EH21 7SN,United Kingdom
57168010,Corpach,56.84179895,-5.123822546,234187,37226,min,2018,5,-2.03,200,2018,6,-1.998,200,2018,7,-1.981,200,2018,8,-2.129,100,2018,9,-2.111,200,2018,10,-2.17,100,2018,11,-2.006,100,2018,12,-1.952,200,2019,1,-2.066,100,2019,2,-2.279,150,2019,3,-2.219,150,2019,4,-2.089,100,2019,5,-2.03,200,2019,6,-1.998,200,2019,7,-1.981,200,2019,8,-2.129,100,2019,9,-2.111,200,2019,10,-2.17,100,2019,11,-2.006,100,2019,12,-1.952,200,2020,1,-2.066,100,2020,2,-2.279,150,2020,3,-2.219,150,2020,4,-2.089,100,2020,5,-2.03,200,2020,6,-1.998,200,2020,7,-1.981,200,2020,8,-2.129,100,2020,9,-2.111,200,2020,10,-2.17,100,2020,11,-2.006,100,2020,12,-1.952,200,2021.0,1.0,-2.066,100.0,2021.0,2.0,-2.279,150.0,2021.0,3.0,-2.219,150.0,2021.0,4.0,-2.089,100.0,2021.0,5.0,-2.03,200.0,2021.0,6.0,-1.998,200.0,2021.0,7.0,-1.981,200.0,2021.0,8.0,-2.129,100.0,2021.0,9.0,-2.111,200.0,2021.0,10.0,-2.17,100.0,2021.0,11.0,-2.006,100.0,2021.0,12.0,-1.952,200.0,2022.0,1.0,-2.066,100.0,2022.0,2.0,-2.279,150.0,2022.0,3.0,-2.219,150.0,2022.0,4.0,-2.089,100.0,2022.0,5.0,-2.03,200.0,2022.0,6.0,-1.998,200.0,2022.0,7.0,-1.981,200.0,2022.0,8.0,-2.129,100.0,2022.0,9.0,-2.111,200.0,2022.0,10.0,-2.17,100.0,2022.0,11.0,-2.006,100.0,2022.0,12.0,-1.952,200.0,2023.0,1.0,-2.066,100.0,2023.0,2.0,-2.279,150.0,2023.0,3.0,-2.219,150.0,2023.0,4.0,-2.089,100.0,,,Corpach,Alba / Scotland,PH33 7JG,United Kingdom
